date,team,opponent,score,neutral,,
3/12/15,Cambodia,Macau,3,FALSE,,
3/12/15,East Timor,Mongolia,0,FALSE,,
3/12/15,India,Nepal,2,FALSE,,
3/12/15,Sri Lanka,Bhutan,0,FALSE,,
3/12/15,Yemen,Pakistan,3,TRUE,,
3/12/15,Macau,Cambodia,0,FALSE,,
3/12/15,Mongolia,East Timor,3,FALSE,,
3/12/15,Nepal,India,0,FALSE,,
3/12/15,Bhutan,Sri Lanka,1,FALSE,,
3/12/15,Pakistan,Yemen,1,TRUE,,
3/17/15,Bhutan,Sri Lanka,2,FALSE,,
3/17/15,Brunei,Taiwan,0,FALSE,,
3/17/15,Macau,Cambodia,1,FALSE,,
3/17/15,Mongolia,East Timor,3,FALSE,,
3/17/15,Nepal,India,0,FALSE,,
3/17/15,Sri Lanka,Bhutan,1,FALSE,,
3/17/15,Taiwan,Brunei,2,FALSE,,
3/17/15,Cambodia,Macau,1,FALSE,,
3/17/15,East Timor,Mongolia,0,FALSE,,
3/17/15,India,Nepal,0,FALSE,,
3/22/15,Barbados,Virgin Islands,0,FALSE,,
3/22/15,Virgin Islands,Barbados,1,FALSE,,
3/23/15,Pakistan,Yemen,0,TRUE,,
3/23/15,Yemen,Pakistan,0,TRUE,,
3/26/15,Virgin Islands,Barbados,0,FALSE,,
3/26/15,Barbados,Virgin Islands,4,FALSE,,
3/27/15,CuraÃ§ao,Montserrat,2,FALSE,,
3/27/15,Montserrat,CuraÃ§ao,1,FALSE,,
3/29/15,Anguilla,Nicaragua,0,FALSE,,
3/29/15,Bermuda,Bahamas,3,FALSE,,
3/29/15,Dominica,British Virgin Islands,0,FALSE,,
3/29/15,Nicaragua,Anguilla,3,FALSE,,
3/29/15,Bahamas,Bermuda,0,FALSE,,
3/29/15,British Virgin Islands,Dominica,0,FALSE,,
3/31/15,Montserrat,CuraÃ§ao,2,FALSE,,
3/31/15,CuraÃ§ao,Montserrat,2,FALSE,,
5/24/15,Thailand,Vietnam,1,FALSE,,
5/24/15,Vietnam,Thailand,0,FALSE,,
6/10/15,CuraÃ§ao,Cuba,0,FALSE,,
6/10/15,Cuba,CuraÃ§ao,0,FALSE,,
6/11/15,Afghanistan,Syria,0,TRUE,,
6/11/15,Bangladesh,Kyrgyzstan,1,FALSE,,
6/11/15,Cambodia,Singapore,0,FALSE,,
6/11/15,Dominican Republic,Belize,1,FALSE,,
6/11/15,Guam,Turkmenistan,1,FALSE,,
6/11/15,Hong Kong,Bhutan,7,FALSE,,
6/11/15,India,Oman,1,FALSE,,
6/11/15,Laos,Burma,2,FALSE,,
6/11/15,Lebanon,Kuwait,0,FALSE,,
6/11/15,Malaysia,East Timor,3,FALSE,,
6/11/15,Maldives,Qatar,0,FALSE,,
6/11/15,Philippines,Bahrain,2,FALSE,,
6/11/15,Saudi Arabia,Palestine,3,FALSE,,
6/11/15,Tajikistan,Jordan,1,FALSE,,
6/11/15,Yemen,Korea DPR,0,TRUE,,
6/11/15,Syria,Afghanistan,6,TRUE,,
6/11/15,Kyrgyzstan,Bangladesh,3,FALSE,,
6/11/15,Singapore,Cambodia,4,FALSE,,
6/11/15,Belize,Dominican Republic,2,FALSE,,
6/11/15,Turkmenistan,Guam,0,FALSE,,
6/11/15,Bhutan,Hong Kong,0,FALSE,,
6/11/15,Oman,India,2,FALSE,,
6/11/15,Burma,Laos,2,FALSE,,
6/11/15,Kuwait,Lebanon,1,FALSE,,
6/11/15,East Timor,Malaysia,0,FALSE,,
6/11/15,Qatar,Maldives,1,FALSE,,
6/11/15,Bahrain,Philippines,1,FALSE,,
6/11/15,Palestine,Saudi Arabia,2,FALSE,,
6/11/15,Jordan,Tajikistan,3,FALSE,,
6/11/15,Korea DPR,Yemen,3,TRUE,,
6/14/15,Barbados,Aruba,0,FALSE,,
6/14/15,Cuba,CuraÃ§ao,1,FALSE,,
6/14/15,Aruba,Barbados,3,FALSE,,
6/14/15,CuraÃ§ao,Cuba,1,FALSE,,
6/16/15,Bangladesh,Tajikistan,1,FALSE,,
6/16/15,Bhutan,China,0,FALSE,,
6/16/15,Burma,Korea Republic,0,TRUE,,
6/16/15,Cambodia,Afghanistan,0,FALSE,,
6/16/15,East Timor,United Arab Emirates,0,TRUE,,
6/16/15,Grenada,Puerto Rico,2,FALSE,,
6/16/15,Guam,India,2,FALSE,,
6/16/15,Hong Kong,Maldives,2,FALSE,,
6/16/15,Japan,Singapore,0,FALSE,,
6/16/15,Korea DPR,Uzbekistan,4,FALSE,,
6/16/15,Kyrgyzstan,Australia,1,FALSE,,
6/16/15,Laos,Lebanon,0,FALSE,,
6/16/15,Malaysia,Palestine,0,FALSE,,
6/16/15,Suriname,Nicaragua,1,FALSE,,
6/16/15,Turkmenistan,Iran,1,FALSE,,
6/16/15,Yemen,Philippines,0,TRUE,,
6/16/15,Tajikistan,Bangladesh,1,FALSE,,
6/16/15,China,Bhutan,6,FALSE,,
6/16/15,Korea Republic,Burma,2,TRUE,,
6/16/15,Afghanistan,Cambodia,1,FALSE,,
6/16/15,United Arab Emirates,East Timor,3,TRUE,,
6/16/15,Puerto Rico,Grenada,0,FALSE,,
6/16/15,India,Guam,1,FALSE,,
6/16/15,Maldives,Hong Kong,0,FALSE,,
6/16/15,Singapore,Japan,0,FALSE,,
6/16/15,Uzbekistan,Korea DPR,2,FALSE,,
6/16/15,Australia,Kyrgyzstan,2,FALSE,,
6/16/15,Lebanon,Laos,2,FALSE,,
6/16/15,Palestine,Malaysia,6,FALSE,,
6/16/15,Nicaragua,Suriname,3,FALSE,,
6/16/15,Iran,Turkmenistan,1,FALSE,,
6/16/15,Philippines,Yemen,2,TRUE,,
9/3/15,Australia,Bangladesh,5,FALSE,,
9/3/15,Bahrain,Korea DPR,0,FALSE,,
9/3/15,China,Hong Kong,0,FALSE,,
9/3/15,Iran,Guam,6,FALSE,,
9/3/15,Iraq,Taiwan,5,TRUE,,
9/3/15,Japan,Cambodia,3,FALSE,,
9/3/15,Jordan,Kyrgyzstan,0,FALSE,,
9/3/15,Korea Republic,Laos,8,FALSE,,
9/3/15,Kuwait,Burma,9,TRUE,,
9/3/15,Oman,Turkmenistan,3,FALSE,,
9/3/15,Qatar,Bhutan,15,FALSE,,
9/3/15,Saudi Arabia,East Timor,7,FALSE,,
9/3/15,Syria,Singapore,1,TRUE,,
9/3/15,United Arab Emirates,Malaysia,10,FALSE,,
9/3/15,Uzbekistan,Yemen,1,FALSE,,
9/3/15,Bangladesh,Australia,0,FALSE,,
9/3/15,Korea DPR,Bahrain,1,FALSE,,
9/3/15,Hong Kong,China,0,FALSE,,
9/3/15,Guam,Iran,0,FALSE,,
9/3/15,Taiwan,Iraq,1,TRUE,,
9/3/15,Cambodia,Japan,0,FALSE,,
9/3/15,Kyrgyzstan,Jordan,0,FALSE,,
9/3/15,Laos,Korea Republic,0,FALSE,,
9/3/15,Burma,Kuwait,0,TRUE,,
9/3/15,Turkmenistan,Oman,1,FALSE,,
9/3/15,Bhutan,Qatar,0,FALSE,,
9/3/15,East Timor,Saudi Arabia,0,FALSE,,
9/3/15,Singapore,Syria,0,TRUE,,
9/3/15,Malaysia,United Arab Emirates,0,FALSE,,
9/3/15,Yemen,Uzbekistan,0,FALSE,,
9/4/15,CuraÃ§ao,El Salvador,0,FALSE,,
9/4/15,Grenada,Haiti,1,FALSE,,
9/4/15,El Salvador,CuraÃ§ao,1,FALSE,,
9/4/15,Haiti,Grenada,3,FALSE,,
9/8/15,Afghanistan,Japan,0,TRUE,,
9/8/15,Bangladesh,Jordan,0,FALSE,,
9/8/15,Cambodia,Syria,0,FALSE,,
9/8/15,China,Maldives,3,FALSE,,
9/8/15,El Salvador,CuraÃ§ao,1,FALSE,,
9/8/15,Guam,Oman,0,FALSE,,
9/8/15,Hong Kong,Qatar,2,FALSE,,
9/8/15,India,Iran,0,FALSE,,
9/8/15,Laos,Kuwait,0,FALSE,,
9/8/15,Lebanon,Korea Republic,0,FALSE,,
9/8/15,Malaysia,Saudi Arabia,0,FALSE,,
9/8/15,Palestine,United Arab Emirates,0,FALSE,,
9/8/15,Philippines,Uzbekistan,1,FALSE,,
9/8/15,Tajikistan,Australia,0,FALSE,,
9/8/15,Thailand,Iraq,2,FALSE,,
9/8/15,Yemen,Bahrain,0,TRUE,,
9/8/15,Japan,Afghanistan,6,TRUE,,
9/8/15,Jordan,Bangladesh,4,FALSE,,
9/8/15,Syria,Cambodia,6,FALSE,,
9/8/15,Maldives,China,0,FALSE,,
9/8/15,CuraÃ§ao,El Salvador,0,FALSE,,
9/8/15,Oman,Guam,0,FALSE,,
9/8/15,Qatar,Hong Kong,3,FALSE,,
9/8/15,Iran,India,3,FALSE,,
9/8/15,Kuwait,Laos,2,FALSE,,
9/8/15,Korea Republic,Lebanon,3,FALSE,,
9/8/15,Saudi Arabia,Malaysia,3,FALSE,,
9/8/15,United Arab Emirates,Palestine,0,FALSE,,
9/8/15,Uzbekistan,Philippines,5,FALSE,,
9/8/15,Australia,Tajikistan,3,FALSE,,
9/8/15,Iraq,Thailand,2,FALSE,,
9/8/15,Bahrain,Yemen,4,TRUE,,
10/7/15,Comoros,Lesotho,0,FALSE,,
10/7/15,Mauritius,Kenya,2,FALSE,,
10/7/15,Seychelles,Burundi,0,FALSE,,
10/7/15,South Sudan,Mauritania,1,FALSE,,
10/7/15,Tanzania,Malawi,2,FALSE,,
10/7/15,Lesotho,Comoros,0,FALSE,,
10/7/15,Kenya,Mauritius,5,FALSE,,
10/7/15,Burundi,Seychelles,1,FALSE,,
10/7/15,Mauritania,South Sudan,1,FALSE,,
10/7/15,Malawi,Tanzania,0,FALSE,,
10/8/15,Argentina,Ecuador,0,FALSE,,
10/8/15,Bahrain,Uzbekistan,0,FALSE,,
10/8/15,Bhutan,Maldives,3,FALSE,,
10/8/15,Bolivia,Uruguay,0,FALSE,,
10/8/15,Burma,Lebanon,0,TRUE,,
10/8/15,Chile,Brazil,2,FALSE,,
10/8/15,Colombia,Peru,2,FALSE,,
10/8/15,East Timor,Palestine,0,FALSE,,
10/8/15,Jordan,Australia,2,FALSE,,
10/8/15,Korea DPR,Philippines,0,FALSE,,
10/8/15,Kuwait,Korea Republic,0,FALSE,,
10/8/15,Kyrgyzstan,Tajikistan,2,FALSE,,
10/8/15,Liberia,Guinea-Bissau,1,FALSE,,
10/8/15,Oman,Iran,1,FALSE,,
10/8/15,Qatar,China,1,FALSE,,
10/8/15,SÃ£o TomÃ© and PrÃ­ncipe,Ethiopia,1,FALSE,,
10/8/15,Saudi Arabia,United Arab Emirates,2,FALSE,,
10/8/15,Singapore,Afghanistan,1,FALSE,,
10/8/15,Syria,Japan,0,TRUE,,
10/8/15,Turkmenistan,India,2,FALSE,,
10/8/15,Venezuela,Paraguay,0,FALSE,,
10/8/15,Vietnam,Iraq,1,FALSE,,
10/8/15,Ecuador,Argentina,2,FALSE,,
10/8/15,Uzbekistan,Bahrain,4,FALSE,,
10/8/15,Maldives,Bhutan,4,FALSE,,
10/8/15,Uruguay,Bolivia,0,FALSE,,
10/8/15,Lebanon,Burma,2,TRUE,,
10/8/15,Brazil,Chile,0,FALSE,,
10/8/15,Peru,Colombia,0,FALSE,,
10/8/15,Palestine,East Timor,3,FALSE,,
10/8/15,Australia,Jordan,0,FALSE,,
10/8/15,Philippines,Korea DPR,0,FALSE,,
10/8/15,Korea Republic,Kuwait,1,FALSE,,
10/8/15,Tajikistan,Kyrgyzstan,2,FALSE,,
10/8/15,Guinea-Bissau,Liberia,1,FALSE,,
10/8/15,Iran,Oman,1,FALSE,,
10/8/15,China,Qatar,0,FALSE,,
10/8/15,Ethiopia,SÃ£o TomÃ© and PrÃ­ncipe,0,FALSE,,
10/8/15,United Arab Emirates,Saudi Arabia,1,FALSE,,
10/8/15,Afghanistan,Singapore,0,FALSE,,
10/8/15,Japan,Syria,3,TRUE,,
10/8/15,India,Turkmenistan,1,FALSE,,
10/8/15,Paraguay,Venezuela,1,FALSE,,
10/8/15,Iraq,Vietnam,1,FALSE,,
10/9/15,Djibouti,Swaziland,0,FALSE,,
10/9/15,Gambia,Namibia,1,FALSE,,
10/9/15,Somalia,Niger,0,TRUE,,
10/9/15,Swaziland,Djibouti,6,FALSE,,
10/9/15,Namibia,Gambia,1,FALSE,,
10/9/15,Niger,Somalia,2,TRUE,,
10/10/15,Chad,Sierra Leone,1,FALSE,,
10/10/15,Eritrea,Botswana,0,FALSE,,
10/10/15,Madagascar,Central African Republic,3,FALSE,,
10/10/15,Sierra Leone,Chad,0,FALSE,,
10/10/15,Botswana,Eritrea,2,FALSE,,
10/10/15,Central African Republic,Madagascar,0,FALSE,,
10/11/15,Ethiopia,SÃ£o TomÃ© and PrÃ­ncipe,3,FALSE,,
10/11/15,Kenya,Mauritius,0,FALSE,,
10/11/15,Malawi,Tanzania,1,FALSE,,
10/11/15,SÃ£o TomÃ© and PrÃ­ncipe,Ethiopia,0,FALSE,,
10/11/15,Mauritius,Kenya,0,FALSE,,
10/11/15,Tanzania,Malawi,0,FALSE,,
10/13/15,Bahrain,Philippines,2,FALSE,,
10/13/15,Bhutan,Hong Kong,0,FALSE,,
10/13/15,Botswana,Eritrea,3,FALSE,,
10/13/15,Brazil,Venezuela,3,FALSE,,
10/13/15,Burma,Laos,3,TRUE,,
10/13/15,Burundi,Seychelles,2,FALSE,,
10/13/15,East Timor,Malaysia,0,FALSE,,
10/13/15,Ecuador,Bolivia,2,FALSE,,
10/13/15,Guinea-Bissau,Liberia,1,FALSE,,
10/13/15,Jordan,Tajikistan,3,FALSE,,
10/13/15,Korea DPR,Yemen,1,FALSE,,
10/13/15,Kuwait,Lebanon,0,FALSE,,
10/13/15,Kyrgyzstan,Bangladesh,2,FALSE,,
10/13/15,Lesotho,Comoros,1,FALSE,,
10/13/15,Madagascar,Central African Republic,2,FALSE,,
10/13/15,Mauritania,South Sudan,4,FALSE,,
10/13/15,Namibia,Gambia,2,FALSE,,
10/13/15,Niger,Somalia,4,FALSE,,
10/13/15,Oman,India,3,FALSE,,
10/13/15,Paraguay,Argentina,0,FALSE,,
10/13/15,Peru,Chile,3,FALSE,,
10/13/15,Qatar,Maldives,4,FALSE,,
10/13/15,Sierra Leone,Chad,2,TRUE,,
10/13/15,Singapore,Cambodia,2,FALSE,,
10/13/15,Syria,Afghanistan,5,TRUE,,
10/13/15,Turkmenistan,Guam,1,FALSE,,
10/13/15,Uruguay,Colombia,3,FALSE,,
10/13/15,Vietnam,Thailand,0,FALSE,,
10/13/15,Philippines,Bahrain,0,FALSE,,
10/13/15,Hong Kong,Bhutan,1,FALSE,,
10/13/15,Eritrea,Botswana,1,FALSE,,
10/13/15,Venezuela,Brazil,1,FALSE,,
10/13/15,Laos,Burma,1,TRUE,,
10/13/15,Seychelles,Burundi,0,FALSE,,
10/13/15,Malaysia,East Timor,3,FALSE,,
10/13/15,Bolivia,Ecuador,0,FALSE,,
10/13/15,Liberia,Guinea-Bissau,3,FALSE,,
10/13/15,Tajikistan,Jordan,0,FALSE,,
10/13/15,Yemen,Korea DPR,0,FALSE,,
10/13/15,Lebanon,Kuwait,0,FALSE,,
10/13/15,Bangladesh,Kyrgyzstan,0,FALSE,,
10/13/15,Comoros,Lesotho,1,FALSE,,
10/13/15,Central African Republic,Madagascar,2,FALSE,,
10/13/15,South Sudan,Mauritania,0,FALSE,,
10/13/15,Gambia,Namibia,1,FALSE,,
10/13/15,Somalia,Niger,0,FALSE,,
10/13/15,India,Oman,0,FALSE,,
10/13/15,Argentina,Paraguay,0,FALSE,,
10/13/15,Chile,Peru,4,FALSE,,
10/13/15,Maldives,Qatar,0,FALSE,,
10/13/15,Chad,Sierra Leone,1,TRUE,,
10/13/15,Cambodia,Singapore,1,FALSE,,
10/13/15,Afghanistan,Syria,2,TRUE,,
10/13/15,Guam,Turkmenistan,0,FALSE,,
10/13/15,Colombia,Uruguay,0,FALSE,,
10/13/15,Thailand,Vietnam,3,FALSE,,
10/17/15,Swaziland,Djibouti,2,FALSE,,
10/17/15,Djibouti,Swaziland,1,FALSE,,
11/9/15,Palestine,Saudi Arabia,0,TRUE,,
11/9/15,Saudi Arabia,Palestine,0,TRUE,,
11/11/15,Mozambique,Gabon,1,FALSE,,
11/11/15,Sudan,Zambia,0,FALSE,,
11/11/15,Gabon,Mozambique,0,FALSE,,
11/11/15,Zambia,Sudan,1,FALSE,,
11/12/15,Afghanistan,Cambodia,3,TRUE,,
11/12/15,Australia,Kyrgyzstan,3,FALSE,,
11/12/15,Benin,Burkina Faso,2,FALSE,,
11/12/15,Bolivia,Venezuela,4,FALSE,,
11/12/15,Burundi,Congo DR,2,FALSE,,
11/12/15,Chile,Colombia,1,FALSE,,
11/12/15,China,Bhutan,12,FALSE,,
11/12/15,Ecuador,Uruguay,2,FALSE,,
11/12/15,India,Guam,1,FALSE,,
11/12/15,Iran,Turkmenistan,3,FALSE,,
11/12/15,Korea Republic,Burma,4,FALSE,,
11/12/15,Lebanon,Laos,7,FALSE,,
11/12/15,Maldives,Hong Kong,0,FALSE,,
11/12/15,Morocco,Equatorial Guinea,2,FALSE,,
11/12/15,Namibia,Guinea,0,FALSE,,
11/12/15,Palestine,Malaysia,6,TRUE,,
11/12/15,Philippines,Yemen,0,FALSE,,
11/12/15,Singapore,Japan,0,FALSE,,
11/12/15,Tajikistan,Bangladesh,5,FALSE,,
11/12/15,Thailand,Taiwan,4,FALSE,,
11/12/15,Togo,Uganda,0,FALSE,,
11/12/15,United Arab Emirates,East Timor,8,FALSE,,
11/12/15,Uzbekistan,Korea DPR,3,FALSE,,
11/12/15,Cambodia,Afghanistan,0,TRUE,,
11/12/15,Kyrgyzstan,Australia,0,FALSE,,
11/12/15,Burkina Faso,Benin,1,FALSE,,
11/12/15,Venezuela,Bolivia,2,FALSE,,
11/12/15,Congo DR,Burundi,3,FALSE,,
11/12/15,Colombia,Chile,1,FALSE,,
11/12/15,Bhutan,China,0,FALSE,,
11/12/15,Uruguay,Ecuador,1,FALSE,,
11/12/15,Guam,India,0,FALSE,,
11/12/15,Turkmenistan,Iran,1,FALSE,,
11/12/15,Burma,Korea Republic,0,FALSE,,
11/12/15,Laos,Lebanon,0,FALSE,,
11/12/15,Hong Kong,Maldives,1,FALSE,,
11/12/15,Equatorial Guinea,Morocco,0,FALSE,,
11/12/15,Guinea,Namibia,1,FALSE,,
11/12/15,Malaysia,Palestine,0,TRUE,,
11/12/15,Yemen,Philippines,1,FALSE,,
11/12/15,Japan,Singapore,3,FALSE,,
11/12/15,Bangladesh,Tajikistan,0,FALSE,,
11/12/15,Taiwan,Thailand,2,FALSE,,
11/12/15,Uganda,Togo,1,FALSE,,
11/12/15,East Timor,United Arab Emirates,0,FALSE,,
11/12/15,Korea DPR,Uzbekistan,1,FALSE,,
11/13/15,Angola,South Africa,1,FALSE,,
11/13/15,Argentina,Brazil,1,FALSE,,
11/13/15,Comoros,Ghana,0,FALSE,,
11/13/15,Costa Rica,Haiti,1,FALSE,,
11/13/15,Kenya,Cape Verde,1,FALSE,,
11/13/15,Liberia,Ivory Coast,0,FALSE,,
11/13/15,Libya,Rwanda,1,TRUE,,
11/13/15,Madagascar,Senegal,2,FALSE,,
11/13/15,Mauritania,Tunisia,1,FALSE,,
11/13/15,Niger,Cameroon,0,FALSE,,
11/13/15,Peru,Paraguay,1,FALSE,,
11/13/15,Swaziland,Nigeria,0,FALSE,,
11/13/15,South Africa,Angola,3,FALSE,,
11/13/15,Brazil,Argentina,1,FALSE,,
11/13/15,Ghana,Comoros,0,FALSE,,
11/13/15,Haiti,Costa Rica,0,FALSE,,
11/13/15,Cape Verde,Kenya,0,FALSE,,
11/13/15,Ivory Coast,Liberia,1,FALSE,,
11/13/15,Rwanda,Libya,0,TRUE,,
11/13/15,Senegal,Madagascar,2,FALSE,,
11/13/15,Tunisia,Mauritania,2,FALSE,,
11/13/15,Cameroon,Niger,3,FALSE,,
11/13/15,Paraguay,Peru,0,FALSE,,
11/13/15,Nigeria,Swaziland,0,FALSE,,
11/14/15,Botswana,Mali,2,FALSE,,
11/14/15,Chad,Egypt,1,FALSE,,
11/14/15,Ethiopia,Congo,3,FALSE,,
11/14/15,Gabon,Mozambique,1,FALSE,,
11/14/15,Tanzania,Algeria,2,FALSE,,
11/14/15,Mali,Botswana,1,FALSE,,
11/14/15,Egypt,Chad,0,FALSE,,
11/14/15,Congo,Ethiopia,4,FALSE,,
11/14/15,Mozambique,Gabon,0,FALSE,,
11/14/15,Algeria,Tanzania,2,FALSE,,
11/15/15,Congo DR,Burundi,3,FALSE,,
11/15/15,Equatorial Guinea,Morocco,1,FALSE,,
11/15/15,Guinea,Namibia,2,TRUE,,
11/15/15,Uganda,Togo,3,FALSE,,
11/15/15,Zambia,Sudan,2,FALSE,,
11/15/15,Burundi,Congo DR,0,FALSE,,
11/15/15,Morocco,Equatorial Guinea,0,FALSE,,
11/15/15,Namibia,Guinea,0,TRUE,,
11/15/15,Togo,Uganda,0,FALSE,,
11/15/15,Sudan,Zambia,0,FALSE,,
11/17/15,Algeria,Tanzania,7,FALSE,,
11/17/15,Bangladesh,Australia,0,FALSE,,
11/17/15,Bhutan,Qatar,0,FALSE,,
11/17/15,Brazil,Peru,3,FALSE,,
11/17/15,Burkina Faso,Benin,2,FALSE,,
11/17/15,Burma,Kuwait,3,TRUE,,
11/17/15,Cambodia,Japan,0,FALSE,,
11/17/15,Cameroon,Niger,0,FALSE,,
11/17/15,Cape Verde,Kenya,2,FALSE,,
11/17/15,Colombia,Argentina,0,FALSE,,
11/17/15,Congo,Ethiopia,2,FALSE,,
11/17/15,East Timor,Saudi Arabia,0,FALSE,,
11/17/15,Egypt,Chad,4,FALSE,,
11/17/15,Ghana,Comoros,2,FALSE,,
11/17/15,Guam,Iran,0,FALSE,,
11/17/15,Honduras,Mexico,0,FALSE,,
11/17/15,Hong Kong,China,0,FALSE,,
11/17/15,Ivory Coast,Liberia,3,FALSE,,
11/17/15,Korea DPR,Bahrain,2,FALSE,,
11/17/15,Kyrgyzstan,Jordan,1,FALSE,,
11/17/15,Laos,Korea Republic,0,FALSE,,
11/17/15,Malaysia,United Arab Emirates,1,FALSE,,
11/17/15,Mali,Botswana,2,FALSE,,
11/17/15,Nigeria,Swaziland,2,FALSE,,
11/17/15,Paraguay,Bolivia,2,FALSE,,
11/17/15,Rwanda,Libya,1,FALSE,,
11/17/15,Senegal,Madagascar,3,FALSE,,
11/17/15,Singapore,Syria,1,FALSE,,
11/17/15,South Africa,Angola,1,FALSE,,
11/17/15,Tunisia,Mauritania,2,FALSE,,
11/17/15,Turkmenistan,Oman,2,FALSE,,
11/17/15,Uruguay,Chile,3,FALSE,,
11/17/15,Venezuela,Ecuador,1,FALSE,,
11/17/15,Yemen,Uzbekistan,1,TRUE,,
11/17/15,Tanzania,Algeria,0,FALSE,,
11/17/15,Australia,Bangladesh,4,FALSE,,
11/17/15,Qatar,Bhutan,3,FALSE,,
11/17/15,Peru,Brazil,0,FALSE,,
11/17/15,Benin,Burkina Faso,0,FALSE,,
11/17/15,Kuwait,Burma,0,TRUE,,
11/17/15,Japan,Cambodia,2,FALSE,,
11/17/15,Niger,Cameroon,0,FALSE,,
11/17/15,Kenya,Cape Verde,0,FALSE,,
11/17/15,Argentina,Colombia,1,FALSE,,
11/17/15,Ethiopia,Congo,1,FALSE,,
11/17/15,Saudi Arabia,East Timor,10,FALSE,,
11/17/15,Chad,Egypt,0,FALSE,,
11/17/15,Comoros,Ghana,0,FALSE,,
11/17/15,Iran,Guam,6,FALSE,,
11/17/15,Mexico,Honduras,2,FALSE,,
11/17/15,China,Hong Kong,0,FALSE,,
11/17/15,Liberia,Ivory Coast,0,FALSE,,
11/17/15,Bahrain,Korea DPR,0,FALSE,,
11/17/15,Jordan,Kyrgyzstan,0,FALSE,,
11/17/15,Korea Republic,Laos,5,FALSE,,
11/17/15,United Arab Emirates,Malaysia,2,FALSE,,
11/17/15,Botswana,Mali,0,FALSE,,
11/17/15,Swaziland,Nigeria,0,FALSE,,
11/17/15,Bolivia,Paraguay,1,FALSE,,
11/17/15,Libya,Rwanda,3,FALSE,,
11/17/15,Madagascar,Senegal,0,FALSE,,
11/17/15,Syria,Singapore,2,FALSE,,
11/17/15,Angola,South Africa,0,FALSE,,
11/17/15,Mauritania,Tunisia,1,FALSE,,
11/17/15,Oman,Turkmenistan,1,FALSE,,
11/17/15,Chile,Uruguay,0,FALSE,,
11/17/15,Ecuador,Venezuela,3,FALSE,,
11/17/15,Uzbekistan,Yemen,3,TRUE,,
3/24/16,Australia,Tajikistan,7,FALSE,,
3/24/16,Bahrain,Yemen,3,FALSE,,
3/24/16,Bolivia,Colombia,2,FALSE,,
3/24/16,Chile,Argentina,1,FALSE,,
3/24/16,China,Maldives,4,FALSE,,
3/24/16,Ecuador,Paraguay,2,FALSE,,
3/24/16,Iran,India,4,FALSE,,
3/24/16,Iraq,Thailand,2,TRUE,,
3/24/16,Japan,Afghanistan,5,FALSE,,
3/24/16,Jordan,Bangladesh,8,FALSE,,
3/24/16,Korea Republic,Lebanon,1,FALSE,,
3/24/16,Oman,Guam,1,FALSE,,
3/24/16,Peru,Venezuela,2,FALSE,,
3/24/16,Qatar,Hong Kong,2,FALSE,,
3/24/16,Saudi Arabia,Malaysia,2,FALSE,,
3/24/16,Syria,Cambodia,6,TRUE,,
3/24/16,United Arab Emirates,Palestine,2,FALSE,,
3/24/16,Uzbekistan,Philippines,1,FALSE,,
3/24/16,Vietnam,Taiwan,4,FALSE,,
3/24/16,Tajikistan,Australia,0,FALSE,,
3/24/16,Yemen,Bahrain,0,FALSE,,
3/24/16,Colombia,Bolivia,3,FALSE,,
3/24/16,Argentina,Chile,2,FALSE,,
3/24/16,Maldives,China,0,FALSE,,
3/24/16,Paraguay,Ecuador,2,FALSE,,
3/24/16,India,Iran,0,FALSE,,
3/24/16,Thailand,Iraq,2,TRUE,,
3/24/16,Afghanistan,Japan,0,FALSE,,
3/24/16,Bangladesh,Jordan,0,FALSE,,
3/24/16,Lebanon,Korea Republic,0,FALSE,,
3/24/16,Guam,Oman,0,FALSE,,
3/24/16,Venezuela,Peru,2,FALSE,,
3/24/16,Hong Kong,Qatar,0,FALSE,,
3/24/16,Malaysia,Saudi Arabia,0,FALSE,,
3/24/16,Cambodia,Syria,0,TRUE,,
3/24/16,Palestine,United Arab Emirates,0,FALSE,,
3/24/16,Philippines,Uzbekistan,0,FALSE,,
3/24/16,Taiwan,Vietnam,1,FALSE,,
3/25/16,Brazil,Uruguay,2,FALSE,,
3/25/16,Canada,Mexico,0,FALSE,,
3/25/16,El Salvador,Honduras,2,FALSE,,
3/25/16,Guatemala,USA,2,FALSE,,
3/25/16,Haiti,Panama,0,FALSE,,
3/25/16,Jamaica,Costa Rica,1,FALSE,,
3/25/16,Uruguay,Brazil,2,FALSE,,
3/25/16,Mexico,Canada,3,FALSE,,
3/25/16,Honduras,El Salvador,2,FALSE,,
3/25/16,USA,Guatemala,0,FALSE,,
3/25/16,Panama,Haiti,0,FALSE,,
3/25/16,Costa Rica,Jamaica,1,FALSE,,
3/29/16,Afghanistan,Singapore,2,TRUE,,
3/29/16,Argentina,Bolivia,2,FALSE,,
3/29/16,Australia,Jordan,5,FALSE,,
3/29/16,China,Qatar,2,FALSE,,
3/29/16,Colombia,Ecuador,3,FALSE,,
3/29/16,Costa Rica,Jamaica,3,FALSE,,
3/29/16,Honduras,El Salvador,2,FALSE,,
3/29/16,India,Turkmenistan,1,FALSE,,
3/29/16,Iran,Oman,2,FALSE,,
3/29/16,Iraq,Vietnam,1,TRUE,,
3/29/16,Japan,Syria,5,FALSE,,
3/29/16,Lebanon,Burma,1,FALSE,,
3/29/16,Maldives,Bhutan,4,FALSE,,
3/29/16,Mexico,Canada,2,FALSE,,
3/29/16,Palestine,East Timor,7,FALSE,,
3/29/16,Panama,Haiti,1,FALSE,,
3/29/16,Paraguay,Brazil,2,FALSE,,
3/29/16,Philippines,Korea DPR,3,FALSE,,
3/29/16,Tajikistan,Kyrgyzstan,0,FALSE,,
3/29/16,United Arab Emirates,Saudi Arabia,1,FALSE,,
3/29/16,Uruguay,Peru,1,FALSE,,
3/29/16,USA,Guatemala,4,FALSE,,
3/29/16,Uzbekistan,Bahrain,1,FALSE,,
3/29/16,Venezuela,Chile,1,FALSE,,
3/29/16,Singapore,Afghanistan,1,TRUE,,
3/29/16,Bolivia,Argentina,0,FALSE,,
3/29/16,Jordan,Australia,1,FALSE,,
3/29/16,Qatar,China,0,FALSE,,
3/29/16,Ecuador,Colombia,0,FALSE,,
3/29/16,Jamaica,Costa Rica,0,FALSE,,
3/29/16,El Salvador,Honduras,0,FALSE,,
3/29/16,Turkmenistan,India,2,FALSE,,
3/29/16,Oman,Iran,0,FALSE,,
3/29/16,Vietnam,Iraq,0,TRUE,,
3/29/16,Syria,Japan,0,FALSE,,
3/29/16,Burma,Lebanon,1,FALSE,,
3/29/16,Bhutan,Maldives,2,FALSE,,
3/29/16,Canada,Mexico,0,FALSE,,
3/29/16,East Timor,Palestine,0,FALSE,,
3/29/16,Haiti,Panama,0,FALSE,,
3/29/16,Brazil,Paraguay,2,FALSE,,
3/29/16,Korea DPR,Philippines,2,FALSE,,
3/29/16,Kyrgyzstan,Tajikistan,1,FALSE,,
3/29/16,Saudi Arabia,United Arab Emirates,1,FALSE,,
3/29/16,Peru,Uruguay,0,FALSE,,
3/29/16,Guatemala,USA,0,FALSE,,
3/29/16,Bahrain,Uzbekistan,0,FALSE,,
3/29/16,Chile,Venezuela,4,FALSE,,
9/1/16,Argentina,Uruguay,1,FALSE,,
9/1/16,Australia,Iraq,2,FALSE,,
9/1/16,Bolivia,Peru,0,FALSE,,
9/1/16,Colombia,Venezuela,2,FALSE,,
9/1/16,Ecuador,Brazil,0,FALSE,,
9/1/16,Iran,Qatar,2,FALSE,,
9/1/16,Japan,United Arab Emirates,1,FALSE,,
9/1/16,Korea Republic,China,3,FALSE,,
9/1/16,Paraguay,Chile,2,FALSE,,
9/1/16,Saudi Arabia,Thailand,1,FALSE,,
9/1/16,Uzbekistan,Syria,1,FALSE,,
9/1/16,Uruguay,Argentina,0,FALSE,,
9/1/16,Iraq,Australia,0,FALSE,,
9/1/16,Peru,Bolivia,3,FALSE,,
9/1/16,Venezuela,Colombia,0,FALSE,,
9/1/16,Brazil,Ecuador,3,FALSE,,
9/1/16,Qatar,Iran,0,FALSE,,
9/1/16,United Arab Emirates,Japan,2,FALSE,,
9/1/16,China,Korea Republic,2,FALSE,,
9/1/16,Chile,Paraguay,1,FALSE,,
9/1/16,Thailand,Saudi Arabia,0,FALSE,,
9/1/16,Syria,Uzbekistan,0,FALSE,,
9/2/16,El Salvador,Mexico,1,FALSE,,
9/2/16,Haiti,Costa Rica,0,FALSE,,
9/2/16,Honduras,Canada,2,FALSE,,
9/2/16,Panama,Jamaica,2,FALSE,,
9/2/16,St. Vincent and the Grenadines,USA,0,FALSE,,
9/2/16,Trinidad and Tobago,Guatemala,2,FALSE,,
9/2/16,Mexico,El Salvador,3,FALSE,,
9/2/16,Costa Rica,Haiti,1,FALSE,,
9/2/16,Canada,Honduras,1,FALSE,,
9/2/16,Jamaica,Panama,0,FALSE,,
9/2/16,USA,St. Vincent and the Grenadines,6,FALSE,,
9/2/16,Guatemala,Trinidad and Tobago,2,FALSE,,
9/4/16,Czech Republic,Northern Ireland,0,FALSE,,
9/4/16,Denmark,Armenia,1,FALSE,,
9/4/16,Kazakhstan,Poland,2,FALSE,,
9/4/16,Lithuania,Slovenia,2,FALSE,,
9/4/16,Malta,Scotland,1,FALSE,,
9/4/16,Norway,Germany,0,FALSE,,
9/4/16,Romania,Montenegro,1,FALSE,,
9/4/16,San Marino,Azerbaijan,0,FALSE,,
9/4/16,Slovakia,England,0,FALSE,,
9/4/16,Northern Ireland,Czech Republic,0,FALSE,,
9/4/16,Armenia,Denmark,0,FALSE,,
9/4/16,Poland,Kazakhstan,2,FALSE,,
9/4/16,Slovenia,Lithuania,2,FALSE,,
9/4/16,Scotland,Malta,5,FALSE,,
9/4/16,Germany,Norway,3,FALSE,,
9/4/16,Montenegro,Romania,1,FALSE,,
9/4/16,Azerbaijan,San Marino,1,FALSE,,
9/4/16,England,Slovakia,1,FALSE,,
9/5/16,Albania,Macedonia,2,FALSE,,
9/5/16,Croatia,Turkey,1,FALSE,,
9/5/16,Finland,Kosovo,1,FALSE,,
9/5/16,Georgia,Austria,1,FALSE,,
9/5/16,Israel,Italy,1,FALSE,,
9/5/16,Serbia,Ireland,2,FALSE,,
9/5/16,Spain,Liechtenstein,8,FALSE,,
9/5/16,Ukraine,Iceland,1,FALSE,,
9/5/16,Wales,Moldova,4,FALSE,,
9/5/16,Macedonia,Albania,1,FALSE,,
9/5/16,Turkey,Croatia,1,FALSE,,
9/5/16,Kosovo,Finland,1,FALSE,,
9/5/16,Austria,Georgia,2,FALSE,,
9/5/16,Italy,Israel,3,FALSE,,
9/5/16,Ireland,Serbia,2,FALSE,,
9/5/16,Liechtenstein,Spain,0,FALSE,,
9/5/16,Iceland,Ukraine,1,FALSE,,
9/5/16,Moldova,Wales,0,FALSE,,
9/6/16,Andorra,Latvia,0,FALSE,,
9/6/16,Belarus,France,0,FALSE,,
9/6/16,Bosnia-Herzegovina,Estonia,5,FALSE,,
9/6/16,Brazil,Colombia,2,FALSE,,
9/6/16,Bulgaria,Luxembourg,4,FALSE,,
9/6/16,Canada,El Salvador,3,FALSE,,
9/6/16,Chile,Bolivia,3,FALSE,,
9/6/16,China,Iran,0,FALSE,,
9/6/16,Costa Rica,Panama,3,FALSE,,
9/6/16,Cyprus,Belgium,0,FALSE,,
9/6/16,Faroe Islands,Hungary,0,FALSE,,
9/6/16,Gibraltar,Greece,1,TRUE,,
9/6/16,Iraq,Saudi Arabia,1,TRUE,,
9/6/16,Jamaica,Haiti,0,FALSE,,
9/6/16,Mexico,Honduras,0,FALSE,,
9/6/16,Peru,Ecuador,2,FALSE,,
9/6/16,Qatar,Uzbekistan,0,FALSE,,
9/6/16,Sweden,Netherlands,1,FALSE,,
9/6/16,Switzerland,Portugal,2,FALSE,,
9/6/16,Syria,Korea Republic,0,TRUE,,
9/6/16,Thailand,Japan,0,FALSE,,
9/6/16,United Arab Emirates,Australia,0,FALSE,,
9/6/16,Uruguay,Paraguay,4,FALSE,,
9/6/16,USA,Trinidad and Tobago,4,FALSE,,
9/6/16,Venezuela,Argentina,2,FALSE,,
9/6/16,Latvia,Andorra,1,FALSE,,
9/6/16,France,Belarus,0,FALSE,,
9/6/16,Estonia,Bosnia-Herzegovina,0,FALSE,,
9/6/16,Colombia,Brazil,1,FALSE,,
9/6/16,Luxembourg,Bulgaria,3,FALSE,,
9/6/16,El Salvador,Canada,1,FALSE,,
9/6/16,Bolivia,Chile,0,FALSE,,
9/6/16,Iran,China,0,FALSE,,
9/6/16,Panama,Costa Rica,1,FALSE,,
9/6/16,Belgium,Cyprus,3,FALSE,,
9/6/16,Hungary,Faroe Islands,0,FALSE,,
9/6/16,Greece,Gibraltar,4,TRUE,,
9/6/16,Saudi Arabia,Iraq,2,TRUE,,
9/6/16,Haiti,Jamaica,2,FALSE,,
9/6/16,Honduras,Mexico,0,FALSE,,
9/6/16,Ecuador,Peru,1,FALSE,,
9/6/16,Uzbekistan,Qatar,1,FALSE,,
9/6/16,Netherlands,Sweden,1,FALSE,,
9/6/16,Portugal,Switzerland,0,FALSE,,
9/6/16,Korea Republic,Syria,0,TRUE,,
9/6/16,Japan,Thailand,2,FALSE,,
9/6/16,Australia,United Arab Emirates,1,FALSE,,
9/6/16,Paraguay,Uruguay,0,FALSE,,
9/6/16,Trinidad and Tobago,USA,0,FALSE,,
9/6/16,Argentina,Venezuela,2,FALSE,,
10/6/16,Austria,Wales,2,FALSE,,
10/6/16,Brazil,Bolivia,5,FALSE,,
10/6/16,China,Syria,0,FALSE,,
10/6/16,Ecuador,Chile,3,FALSE,,
10/6/16,Iceland,Finland,3,FALSE,,
10/6/16,Ireland,Georgia,1,FALSE,,
10/6/16,Italy,Spain,1,FALSE,,
10/6/16,Japan,Iraq,2,FALSE,,
10/6/16,Korea Republic,Qatar,3,FALSE,,
10/6/16,Kosovo,Croatia,0,TRUE,,
10/6/16,Liechtenstein,Albania,0,FALSE,,
10/6/16,Macedonia,Israel,1,FALSE,,
10/6/16,Moldova,Serbia,0,FALSE,,
10/6/16,Paraguay,Colombia,0,FALSE,,
10/6/16,Peru,Argentina,2,FALSE,,
10/6/16,Saudi Arabia,Australia,2,FALSE,,
10/6/16,Turkey,Ukraine,2,FALSE,,
10/6/16,United Arab Emirates,Thailand,3,FALSE,,
10/6/16,Uruguay,Venezuela,3,FALSE,,
10/6/16,Uzbekistan,Iran,0,FALSE,,
10/6/16,Wales,Austria,2,FALSE,,
10/6/16,Bolivia,Brazil,0,FALSE,,
10/6/16,Syria,China,1,FALSE,,
10/6/16,Chile,Ecuador,0,FALSE,,
10/6/16,Finland,Iceland,2,FALSE,,
10/6/16,Georgia,Ireland,0,FALSE,,
10/6/16,Spain,Italy,1,FALSE,,
10/6/16,Iraq,Japan,1,FALSE,,
10/6/16,Qatar,Korea Republic,2,FALSE,,
10/6/16,Croatia,Kosovo,6,TRUE,,
10/6/16,Albania,Liechtenstein,2,FALSE,,
10/6/16,Israel,Macedonia,2,FALSE,,
10/6/16,Serbia,Moldova,3,FALSE,,
10/6/16,Colombia,Paraguay,1,FALSE,,
10/6/16,Argentina,Peru,2,FALSE,,
10/6/16,Australia,Saudi Arabia,2,FALSE,,
10/6/16,Ukraine,Turkey,2,FALSE,,
10/6/16,Thailand,United Arab Emirates,1,FALSE,,
10/6/16,Venezuela,Uruguay,0,FALSE,,
10/6/16,Iran,Uzbekistan,1,FALSE,,
10/7/16,Belgium,Bosnia-Herzegovina,4,FALSE,,
10/7/16,Estonia,Gibraltar,4,FALSE,,
10/7/16,France,Bulgaria,4,FALSE,,
10/7/16,Ghana,Uganda,0,FALSE,,
10/7/16,Greece,Cyprus,2,FALSE,,
10/7/16,Hungary,Switzerland,2,FALSE,,
10/7/16,Latvia,Faroe Islands,0,FALSE,,
10/7/16,Luxembourg,Sweden,0,FALSE,,
10/7/16,Netherlands,Belarus,4,FALSE,,
10/7/16,Portugal,Andorra,6,FALSE,,
10/7/16,Bosnia-Herzegovina,Belgium,0,FALSE,,
10/7/16,Gibraltar,Estonia,0,FALSE,,
10/7/16,Bulgaria,France,1,FALSE,,
10/7/16,Uganda,Ghana,0,FALSE,,
10/7/16,Cyprus,Greece,0,FALSE,,
10/7/16,Switzerland,Hungary,3,FALSE,,
10/7/16,Faroe Islands,Latvia,2,FALSE,,
10/7/16,Sweden,Luxembourg,1,FALSE,,
10/7/16,Belarus,Netherlands,1,FALSE,,
10/7/16,Andorra,Portugal,0,FALSE,,
10/8/16,Armenia,Romania,0,FALSE,,
10/8/16,Azerbaijan,Norway,1,FALSE,,
10/8/16,Burkina Faso,South Africa,1,FALSE,,
10/8/16,Congo DR,Libya,4,FALSE,,
10/8/16,England,Malta,2,FALSE,,
10/8/16,Gabon,Morocco,0,FALSE,,
10/8/16,Germany,Czech Republic,3,FALSE,,
10/8/16,Ivory Coast,Mali,3,FALSE,,
10/8/16,Montenegro,Kazakhstan,5,FALSE,,
10/8/16,Northern Ireland,San Marino,4,FALSE,,
10/8/16,Poland,Denmark,3,FALSE,,
10/8/16,Scotland,Lithuania,1,FALSE,,
10/8/16,Senegal,Cape Verde,2,FALSE,,
10/8/16,Slovenia,Slovakia,1,FALSE,,
10/8/16,Romania,Armenia,5,FALSE,,
10/8/16,Norway,Azerbaijan,0,FALSE,,
10/8/16,South Africa,Burkina Faso,1,FALSE,,
10/8/16,Libya,Congo DR,0,FALSE,,
10/8/16,Malta,England,0,FALSE,,
10/8/16,Morocco,Gabon,0,FALSE,,
10/8/16,Czech Republic,Germany,0,FALSE,,
10/8/16,Mali,Ivory Coast,1,FALSE,,
10/8/16,Kazakhstan,Montenegro,0,FALSE,,
10/8/16,San Marino,Northern Ireland,0,FALSE,,
10/8/16,Denmark,Poland,2,FALSE,,
10/8/16,Lithuania,Scotland,1,FALSE,,
10/8/16,Cape Verde,Senegal,0,FALSE,,
10/8/16,Slovakia,Slovenia,0,FALSE,,
10/9/16,Albania,Spain,0,FALSE,,
10/9/16,Algeria,Cameroon,1,FALSE,,
10/9/16,Congo,Egypt,1,FALSE,,
10/9/16,Finland,Croatia,0,FALSE,,
10/9/16,Iceland,Turkey,2,FALSE,,
10/9/16,Israel,Liechtenstein,2,FALSE,,
10/9/16,Macedonia,Italy,2,FALSE,,
10/9/16,Moldova,Ireland,1,FALSE,,
10/9/16,Serbia,Austria,3,FALSE,,
10/9/16,Tunisia,Guinea,2,FALSE,,
10/9/16,Ukraine,Kosovo,3,TRUE,,
10/9/16,Wales,Georgia,1,FALSE,,
10/9/16,Zambia,Nigeria,1,FALSE,,
10/9/16,Spain,Albania,2,FALSE,,
10/9/16,Cameroon,Algeria,1,FALSE,,
10/9/16,Egypt,Congo,2,FALSE,,
10/9/16,Croatia,Finland,1,FALSE,,
10/9/16,Turkey,Iceland,0,FALSE,,
10/9/16,Liechtenstein,Israel,1,FALSE,,
10/9/16,Italy,Macedonia,3,FALSE,,
10/9/16,Ireland,Moldova,3,FALSE,,
10/9/16,Austria,Serbia,2,FALSE,,
10/9/16,Guinea,Tunisia,0,FALSE,,
10/9/16,Kosovo,Ukraine,0,TRUE,,
10/9/16,Georgia,Wales,1,FALSE,,
10/9/16,Nigeria,Zambia,2,FALSE,,
10/10/16,Andorra,Switzerland,1,FALSE,,
10/10/16,Belarus,Luxembourg,1,FALSE,,
10/10/16,Bosnia-Herzegovina,Cyprus,2,FALSE,,
10/10/16,Estonia,Greece,0,FALSE,,
10/10/16,Faroe Islands,Portugal,0,FALSE,,
10/10/16,Gibraltar,Belgium,0,TRUE,,
10/10/16,Latvia,Hungary,0,FALSE,,
10/10/16,Netherlands,France,0,FALSE,,
10/10/16,Sweden,Bulgaria,3,FALSE,,
10/10/16,Switzerland,Andorra,2,FALSE,,
10/10/16,Luxembourg,Belarus,1,FALSE,,
10/10/16,Cyprus,Bosnia-Herzegovina,0,FALSE,,
10/10/16,Greece,Estonia,2,FALSE,,
10/10/16,Portugal,Faroe Islands,6,FALSE,,
10/10/16,Belgium,Gibraltar,6,TRUE,,
10/10/16,Hungary,Latvia,2,FALSE,,
10/10/16,France,Netherlands,1,FALSE,,
10/10/16,Bulgaria,Sweden,0,FALSE,,
10/11/16,Argentina,Paraguay,0,FALSE,,
10/11/16,Australia,Japan,1,FALSE,,
10/11/16,Bolivia,Ecuador,2,FALSE,,
10/11/16,Chile,Peru,2,FALSE,,
10/11/16,Colombia,Uruguay,2,FALSE,,
10/11/16,Czech Republic,Azerbaijan,0,FALSE,,
10/11/16,Denmark,Montenegro,0,FALSE,,
10/11/16,Germany,Northern Ireland,2,FALSE,,
10/11/16,Iran,Korea Republic,1,FALSE,,
10/11/16,Iraq,Thailand,4,TRUE,,
10/11/16,Kazakhstan,Romania,0,FALSE,,
10/11/16,Lithuania,Malta,2,FALSE,,
10/11/16,Norway,San Marino,4,FALSE,,
10/11/16,Poland,Armenia,2,FALSE,,
10/11/16,Qatar,Syria,1,FALSE,,
10/11/16,Saudi Arabia,United Arab Emirates,3,FALSE,,
10/11/16,Slovakia,Scotland,3,FALSE,,
10/11/16,Slovenia,England,0,FALSE,,
10/11/16,Uzbekistan,China,2,FALSE,,
10/11/16,Venezuela,Brazil,0,FALSE,,
10/11/16,Paraguay,Argentina,1,FALSE,,
10/11/16,Japan,Australia,1,FALSE,,
10/11/16,Ecuador,Bolivia,2,FALSE,,
10/11/16,Peru,Chile,1,FALSE,,
10/11/16,Uruguay,Colombia,2,FALSE,,
10/11/16,Azerbaijan,Czech Republic,0,FALSE,,
10/11/16,Montenegro,Denmark,1,FALSE,,
10/11/16,Northern Ireland,Germany,0,FALSE,,
10/11/16,Korea Republic,Iran,0,FALSE,,
10/11/16,Thailand,Iraq,0,TRUE,,
10/11/16,Romania,Kazakhstan,0,FALSE,,
10/11/16,Malta,Lithuania,0,FALSE,,
10/11/16,San Marino,Norway,1,FALSE,,
10/11/16,Armenia,Poland,1,FALSE,,
10/11/16,Syria,Qatar,0,FALSE,,
10/11/16,United Arab Emirates,Saudi Arabia,0,FALSE,,
10/11/16,Scotland,Slovakia,0,FALSE,,
10/11/16,England,Slovenia,0,FALSE,,
10/11/16,China,Uzbekistan,0,FALSE,,
10/11/16,Brazil,Venezuela,2,FALSE,,
11/7/16,Tahiti,Solomon Islands,3,TRUE,,
11/7/16,Solomon Islands,Tahiti,0,TRUE,,
11/10/16,Brazil,Argentina,3,FALSE,,
11/10/16,Colombia,Chile,0,FALSE,,
11/10/16,Paraguay,Peru,1,FALSE,,
11/10/16,Uruguay,Ecuador,2,FALSE,,
11/10/16,Venezuela,Bolivia,5,FALSE,,
11/10/16,Argentina,Brazil,0,FALSE,,
11/10/16,Chile,Colombia,0,FALSE,,
11/10/16,Peru,Paraguay,4,FALSE,,
11/10/16,Ecuador,Uruguay,1,FALSE,,
11/10/16,Bolivia,Venezuela,0,FALSE,,
11/11/16,Armenia,Montenegro,3,FALSE,,
11/11/16,Czech Republic,Norway,2,FALSE,,
11/11/16,Denmark,Kazakhstan,4,FALSE,,
11/11/16,England,Scotland,3,FALSE,,
11/11/16,France,Sweden,2,FALSE,,
11/11/16,Honduras,Panama,0,FALSE,,
11/11/16,Libya,Tunisia,0,TRUE,,
11/11/16,Malta,Slovenia,0,FALSE,,
11/11/16,Northern Ireland,Azerbaijan,4,FALSE,,
11/11/16,Romania,Poland,0,FALSE,,
11/11/16,San Marino,Germany,0,FALSE,,
11/11/16,Slovakia,Lithuania,4,FALSE,,
11/11/16,Montenegro,Armenia,2,FALSE,,
11/11/16,Norway,Czech Republic,1,FALSE,,
11/11/16,Kazakhstan,Denmark,1,FALSE,,
11/11/16,Scotland,England,0,FALSE,,
11/11/16,Sweden,France,1,FALSE,,
11/11/16,Panama,Honduras,1,FALSE,,
11/11/16,Tunisia,Libya,1,TRUE,,
11/11/16,Slovenia,Malta,1,FALSE,,
11/11/16,Azerbaijan,Northern Ireland,0,FALSE,,
11/11/16,Poland,Romania,3,FALSE,,
11/11/16,Germany,San Marino,8,FALSE,,
11/11/16,Lithuania,Slovakia,0,FALSE,,
11/12/16,Albania,Israel,0,FALSE,,
11/12/16,Austria,Ireland,0,FALSE,,
11/12/16,Cameroon,Zambia,1,FALSE,,
11/12/16,Cape Verde,Burkina Faso,0,FALSE,,
11/12/16,Croatia,Iceland,2,FALSE,,
11/12/16,Georgia,Moldova,1,FALSE,,
11/12/16,Liechtenstein,Italy,0,FALSE,,
11/12/16,Mali,Gabon,0,FALSE,,
11/12/16,Morocco,Ivory Coast,0,FALSE,,
11/12/16,New Zealand,New Caledonia,2,FALSE,,
11/12/16,Nigeria,Algeria,3,FALSE,,
11/12/16,Spain,Macedonia,4,FALSE,,
11/12/16,Turkey,Kosovo,2,FALSE,,
11/12/16,Uganda,Congo,1,FALSE,,
11/12/16,Ukraine,Finland,1,FALSE,,
11/12/16,Wales,Serbia,1,FALSE,,
11/12/16,Israel,Albania,3,FALSE,,
11/12/16,Ireland,Austria,1,FALSE,,
11/12/16,Zambia,Cameroon,1,FALSE,,
11/12/16,Burkina Faso,Cape Verde,2,FALSE,,
11/12/16,Iceland,Croatia,0,FALSE,,
11/12/16,Moldova,Georgia,1,FALSE,,
11/12/16,Italy,Liechtenstein,4,FALSE,,
11/12/16,Gabon,Mali,0,FALSE,,
11/12/16,Ivory Coast,Morocco,0,FALSE,,
11/12/16,New Caledonia,New Zealand,0,FALSE,,
11/12/16,Algeria,Nigeria,1,FALSE,,
11/12/16,Macedonia,Spain,0,FALSE,,
11/12/16,Kosovo,Turkey,0,FALSE,,
11/12/16,Congo,Uganda,0,FALSE,,
11/12/16,Finland,Ukraine,0,FALSE,,
11/12/16,Serbia,Wales,1,FALSE,,
11/13/16,Belgium,Estonia,8,FALSE,,
11/13/16,Bulgaria,Belarus,1,FALSE,,
11/13/16,Cyprus,Gibraltar,3,FALSE,,
11/13/16,Egypt,Ghana,2,FALSE,,
11/13/16,Greece,Bosnia-Herzegovina,1,FALSE,,
11/13/16,Guinea,Congo DR,1,FALSE,,
11/13/16,Hungary,Andorra,4,FALSE,,
11/13/16,Luxembourg,Netherlands,1,FALSE,,
11/13/16,Portugal,Latvia,4,FALSE,,
11/13/16,Solomon Islands,Tahiti,1,FALSE,,
11/13/16,Switzerland,Faroe Islands,2,FALSE,,
11/13/16,Estonia,Belgium,1,FALSE,,
11/13/16,Belarus,Bulgaria,0,FALSE,,
11/13/16,Gibraltar,Cyprus,1,FALSE,,
11/13/16,Ghana,Egypt,0,FALSE,,
11/13/16,Bosnia-Herzegovina,Greece,1,FALSE,,
11/13/16,Congo DR,Guinea,2,FALSE,,
11/13/16,Andorra,Hungary,0,FALSE,,
11/13/16,Netherlands,Luxembourg,3,FALSE,,
11/13/16,Latvia,Portugal,1,FALSE,,
11/13/16,Tahiti,Solomon Islands,0,FALSE,,
11/13/16,Faroe Islands,Switzerland,0,FALSE,,
11/15/16,Argentina,Colombia,3,FALSE,,
11/15/16,Bolivia,Paraguay,1,FALSE,,
11/15/16,Chile,Uruguay,3,FALSE,,
11/15/16,China,Qatar,0,FALSE,,
11/15/16,Costa Rica,USA,4,FALSE,,
11/15/16,Ecuador,Venezuela,3,FALSE,,
11/15/16,Honduras,Trinidad and Tobago,3,FALSE,,
11/15/16,Japan,Saudi Arabia,2,FALSE,,
11/15/16,Korea Republic,Uzbekistan,2,FALSE,,
11/15/16,New Caledonia,New Zealand,0,FALSE,,
11/15/16,Panama,Mexico,0,FALSE,,
11/15/16,Peru,Brazil,0,FALSE,,
11/15/16,Syria,Iran,0,TRUE,,
11/15/16,Thailand,Australia,2,FALSE,,
11/15/16,United Arab Emirates,Iraq,2,FALSE,,
11/15/16,Colombia,Argentina,0,FALSE,,
11/15/16,Paraguay,Bolivia,0,FALSE,,
11/15/16,Uruguay,Chile,1,FALSE,,
11/15/16,Qatar,China,0,FALSE,,
11/15/16,USA,Costa Rica,0,FALSE,,
11/15/16,Venezuela,Ecuador,0,FALSE,,
11/15/16,Trinidad and Tobago,Honduras,1,FALSE,,
11/15/16,Saudi Arabia,Japan,1,FALSE,,
11/15/16,Uzbekistan,Korea Republic,1,FALSE,,
11/15/16,New Zealand,New Caledonia,0,FALSE,,
11/15/16,Mexico,Panama,0,FALSE,,
11/15/16,Brazil,Peru,2,FALSE,,
11/15/16,Iran,Syria,0,TRUE,,
11/15/16,Australia,Thailand,2,FALSE,,
11/15/16,Iraq,United Arab Emirates,0,FALSE,,
3/23/17,Argentina,Chile,1,FALSE,,
3/23/17,China,Korea Republic,1,FALSE,,
3/23/17,Colombia,Bolivia,1,FALSE,,
3/23/17,Iraq,Australia,1,TRUE,,
3/23/17,Papua New Guinea,Tahiti,1,FALSE,,
3/23/17,Paraguay,Ecuador,2,FALSE,,
3/23/17,Qatar,Iran,0,FALSE,,
3/23/17,Syria,Uzbekistan,1,TRUE,,
3/23/17,Thailand,Saudi Arabia,0,FALSE,,
3/23/17,United Arab Emirates,Japan,0,FALSE,,
3/23/17,Uruguay,Brazil,1,FALSE,,
3/23/17,Venezuela,Peru,2,FALSE,,
3/23/17,Chile,Argentina,0,FALSE,,
3/23/17,Korea Republic,China,0,FALSE,,
3/23/17,Bolivia,Colombia,0,FALSE,,
3/23/17,Australia,Iraq,1,TRUE,,
3/23/17,Tahiti,Papua New Guinea,3,FALSE,,
3/23/17,Ecuador,Paraguay,1,FALSE,,
3/23/17,Iran,Qatar,1,FALSE,,
3/23/17,Uzbekistan,Syria,0,TRUE,,
3/23/17,Saudi Arabia,Thailand,3,FALSE,,
3/23/17,Japan,United Arab Emirates,2,FALSE,,
3/23/17,Brazil,Uruguay,4,FALSE,,
3/23/17,Peru,Venezuela,2,FALSE,,
3/24/17,Austria,Moldova,2,FALSE,,
3/24/17,Croatia,Ukraine,1,FALSE,,
3/24/17,Georgia,Serbia,1,FALSE,,
3/24/17,Ireland,Wales,0,FALSE,,
3/24/17,Italy,Albania,2,FALSE,,
3/24/17,Kosovo,Iceland,1,TRUE,,
3/24/17,Liechtenstein,Macedonia,0,FALSE,,
3/24/17,Mexico,Costa Rica,2,FALSE,,
3/24/17,Spain,Israel,4,FALSE,,
3/24/17,Trinidad and Tobago,Panama,1,FALSE,,
3/24/17,Turkey,Finland,2,FALSE,,
3/24/17,USA,Honduras,6,FALSE,,
3/24/17,Moldova,Austria,0,FALSE,,
3/24/17,Ukraine,Croatia,0,FALSE,,
3/24/17,Serbia,Georgia,2,FALSE,,
3/24/17,Wales,Ireland,0,FALSE,,
3/24/17,Albania,Italy,0,FALSE,,
3/24/17,Iceland,Kosovo,2,TRUE,,
3/24/17,Macedonia,Liechtenstein,3,FALSE,,
3/24/17,Costa Rica,Mexico,0,FALSE,,
3/24/17,Israel,Spain,1,FALSE,,
3/24/17,Panama,Trinidad and Tobago,0,FALSE,,
3/24/17,Finland,Turkey,0,FALSE,,
3/24/17,Honduras,USA,0,FALSE,,
3/25/17,Andorra,Faroe Islands,0,FALSE,,
3/25/17,Belgium,Greece,1,FALSE,,
3/25/17,Bosnia-Herzegovina,Gibraltar,5,FALSE,,
3/25/17,Bulgaria,Netherlands,2,FALSE,,
3/25/17,Cyprus,Estonia,0,FALSE,,
3/25/17,Fiji,New Zealand,0,FALSE,,
3/25/17,Luxembourg,France,1,FALSE,,
3/25/17,Portugal,Hungary,3,FALSE,,
3/25/17,Sweden,Belarus,4,FALSE,,
3/25/17,Switzerland,Latvia,1,FALSE,,
3/25/17,Faroe Islands,Andorra,0,FALSE,,
3/25/17,Greece,Belgium,1,FALSE,,
3/25/17,Gibraltar,Bosnia-Herzegovina,0,FALSE,,
3/25/17,Netherlands,Bulgaria,0,FALSE,,
3/25/17,Estonia,Cyprus,0,FALSE,,
3/25/17,New Zealand,Fiji,2,FALSE,,
3/25/17,France,Luxembourg,3,FALSE,,
3/25/17,Hungary,Portugal,0,FALSE,,
3/25/17,Belarus,Sweden,0,FALSE,,
3/25/17,Latvia,Switzerland,0,FALSE,,
3/26/17,Armenia,Kazakhstan,2,FALSE,,
3/26/17,Azerbaijan,Germany,1,FALSE,,
3/26/17,England,Lithuania,2,FALSE,,
3/26/17,Malta,Slovakia,1,FALSE,,
3/26/17,Montenegro,Poland,1,FALSE,,
3/26/17,Northern Ireland,Norway,2,FALSE,,
3/26/17,Romania,Denmark,0,FALSE,,
3/26/17,San Marino,Czech Republic,0,FALSE,,
3/26/17,Scotland,Slovenia,1,FALSE,,
3/26/17,Kazakhstan,Armenia,0,FALSE,,
3/26/17,Germany,Azerbaijan,4,FALSE,,
3/26/17,Lithuania,England,0,FALSE,,
3/26/17,Slovakia,Malta,3,FALSE,,
3/26/17,Poland,Montenegro,2,FALSE,,
3/26/17,Norway,Northern Ireland,0,FALSE,,
3/26/17,Denmark,Romania,0,FALSE,,
3/26/17,Czech Republic,San Marino,6,FALSE,,
3/26/17,Slovenia,Scotland,0,FALSE,,
3/28/17,Australia,United Arab Emirates,2,FALSE,,
3/28/17,Bolivia,Argentina,2,FALSE,,
3/28/17,Brazil,Paraguay,3,FALSE,,
3/28/17,Chile,Venezuela,3,FALSE,,
3/28/17,Ecuador,Colombia,0,FALSE,,
3/28/17,Honduras,Costa Rica,1,FALSE,,
3/28/17,Iran,China,1,FALSE,,
3/28/17,Japan,Thailand,4,FALSE,,
3/28/17,Korea Republic,Syria,1,FALSE,,
3/28/17,New Zealand,Fiji,2,FALSE,,
3/28/17,Panama,USA,1,FALSE,,
3/28/17,Peru,Uruguay,2,FALSE,,
3/28/17,Saudi Arabia,Iraq,1,FALSE,,
3/28/17,Trinidad and Tobago,Mexico,0,FALSE,,
3/28/17,Uzbekistan,Qatar,1,FALSE,,
3/28/17,United Arab Emirates,Australia,0,FALSE,,
3/28/17,Argentina,Bolivia,0,FALSE,,
3/28/17,Paraguay,Brazil,0,FALSE,,
3/28/17,Venezuela,Chile,1,FALSE,,
3/28/17,Colombia,Ecuador,2,FALSE,,
3/28/17,Costa Rica,Honduras,1,FALSE,,
3/28/17,China,Iran,0,FALSE,,
3/28/17,Thailand,Japan,0,FALSE,,
3/28/17,Syria,Korea Republic,0,FALSE,,
3/28/17,Fiji,New Zealand,0,FALSE,,
3/28/17,USA,Panama,1,FALSE,,
3/28/17,Uruguay,Peru,1,FALSE,,
3/28/17,Iraq,Saudi Arabia,0,FALSE,,
3/28/17,Mexico,Trinidad and Tobago,1,FALSE,,
3/28/17,Qatar,Uzbekistan,0,FALSE,,
6/7/17,Fiji,New Caledonia,2,FALSE,,
6/7/17,New Caledonia,Fiji,2,FALSE,,
6/8/17,Australia,Saudi Arabia,3,FALSE,,
6/8/17,Costa Rica,Panama,0,FALSE,,
6/8/17,Mexico,Honduras,3,FALSE,,
6/8/17,USA,Trinidad and Tobago,2,FALSE,,
6/8/17,Saudi Arabia,Australia,2,FALSE,,
6/8/17,Panama,Costa Rica,0,FALSE,,
6/8/17,Honduras,Mexico,0,FALSE,,
6/8/17,Trinidad and Tobago,USA,0,FALSE,,
6/9/17,Andorra,Hungary,1,FALSE,,
6/9/17,Belarus,Bulgaria,2,FALSE,,
6/9/17,Bosnia-Herzegovina,Greece,0,FALSE,,
6/9/17,Estonia,Belgium,0,FALSE,,
6/9/17,Faroe Islands,Switzerland,0,FALSE,,
6/9/17,Gibraltar,Cyprus,1,TRUE,,
6/9/17,Latvia,Portugal,0,FALSE,,
6/9/17,Netherlands,Luxembourg,5,FALSE,,
6/9/17,Solomon Islands,Papua New Guinea,3,FALSE,,
6/9/17,Sweden,France,2,FALSE,,
6/9/17,Hungary,Andorra,0,FALSE,,
6/9/17,Bulgaria,Belarus,1,FALSE,,
6/9/17,Greece,Bosnia-Herzegovina,0,FALSE,,
6/9/17,Belgium,Estonia,2,FALSE,,
6/9/17,Switzerland,Faroe Islands,2,FALSE,,
6/9/17,Cyprus,Gibraltar,2,TRUE,,
6/9/17,Portugal,Latvia,3,FALSE,,
6/9/17,Luxembourg,Netherlands,0,FALSE,,
6/9/17,Papua New Guinea,Solomon Islands,2,FALSE,,
6/9/17,France,Sweden,1,FALSE,,
6/10/17,Azerbaijan,Northern Ireland,0,FALSE,,
6/10/17,Germany,San Marino,7,FALSE,,
6/10/17,Kazakhstan,Denmark,1,FALSE,,
6/10/17,Lithuania,Slovakia,1,FALSE,,
6/10/17,Montenegro,Armenia,4,FALSE,,
6/10/17,Norway,Czech Republic,1,FALSE,,
6/10/17,Poland,Romania,3,FALSE,,
6/10/17,Scotland,England,2,FALSE,,
6/10/17,Slovenia,Malta,2,FALSE,,
6/10/17,Northern Ireland,Azerbaijan,1,FALSE,,
6/10/17,San Marino,Germany,0,FALSE,,
6/10/17,Denmark,Kazakhstan,3,FALSE,,
6/10/17,Slovakia,Lithuania,2,FALSE,,
6/10/17,Armenia,Montenegro,1,FALSE,,
6/10/17,Czech Republic,Norway,1,FALSE,,
6/10/17,Romania,Poland,1,FALSE,,
6/10/17,England,Scotland,2,FALSE,,
6/10/17,Malta,Slovenia,0,FALSE,,
6/11/17,Finland,Ukraine,1,FALSE,,
6/11/17,Iceland,Croatia,1,FALSE,,
6/11/17,Ireland,Austria,1,FALSE,,
6/11/17,Israel,Albania,0,FALSE,,
6/11/17,Italy,Liechtenstein,5,FALSE,,
6/11/17,Kosovo,Turkey,1,TRUE,,
6/11/17,Macedonia,Spain,1,FALSE,,
6/11/17,Mexico,USA,1,FALSE,,
6/11/17,Moldova,Georgia,2,FALSE,,
6/11/17,New Caledonia,Fiji,2,FALSE,,
6/11/17,Serbia,Wales,1,FALSE,,
6/11/17,Ukraine,Finland,2,FALSE,,
6/11/17,Croatia,Iceland,0,FALSE,,
6/11/17,Austria,Ireland,1,FALSE,,
6/11/17,Albania,Israel,3,FALSE,,
6/11/17,Liechtenstein,Italy,0,FALSE,,
6/11/17,Turkey,Kosovo,4,TRUE,,
6/11/17,Spain,Macedonia,2,FALSE,,
6/11/17,USA,Mexico,1,FALSE,,
6/11/17,Georgia,Moldova,2,FALSE,,
6/11/17,Fiji,New Caledonia,1,FALSE,,
6/11/17,Wales,Serbia,1,FALSE,,
6/12/17,Iran,Uzbekistan,2,FALSE,,
6/12/17,Uzbekistan,Iran,0,FALSE,,
6/13/17,Costa Rica,Trinidad and Tobago,2,FALSE,,
6/13/17,Iraq,Japan,1,TRUE,,
6/13/17,Panama,Honduras,2,FALSE,,
6/13/17,Papua New Guinea,Solomon Islands,1,FALSE,,
6/13/17,Qatar,Korea Republic,3,FALSE,,
6/13/17,Syria,China,2,TRUE,,
6/13/17,Thailand,United Arab Emirates,1,FALSE,,
6/13/17,Trinidad and Tobago,Costa Rica,1,FALSE,,
6/13/17,Japan,Iraq,1,TRUE,,
6/13/17,Honduras,Panama,2,FALSE,,
6/13/17,Solomon Islands,Papua New Guinea,2,FALSE,,
6/13/17,Korea Republic,Qatar,2,FALSE,,
6/13/17,China,Syria,2,TRUE,,
6/13/17,United Arab Emirates,Thailand,1,FALSE,,
8/29/17,United Arab Emirates,Saudi Arabia,2,FALSE,,
8/29/17,Saudi Arabia,United Arab Emirates,1,FALSE,,
8/31/17,Belgium,Gibraltar,9,FALSE,,
8/31/17,Brazil,Ecuador,2,FALSE,,
8/31/17,Bulgaria,Sweden,3,FALSE,,
8/31/17,Chile,Paraguay,0,FALSE,,
8/31/17,China,Uzbekistan,1,FALSE,,
8/31/17,Cyprus,Bosnia-Herzegovina,3,FALSE,,
8/31/17,France,Netherlands,4,FALSE,,
8/31/17,Greece,Estonia,0,FALSE,,
8/31/17,Guinea,Libya,3,FALSE,,
8/31/17,Hungary,Latvia,3,FALSE,,
8/31/17,Japan,Australia,2,FALSE,,
8/31/17,Korea Republic,Iran,0,FALSE,,
8/31/17,Luxembourg,Belarus,1,FALSE,,
8/31/17,Peru,Bolivia,2,FALSE,,
8/31/17,Portugal,Faroe Islands,5,FALSE,,
8/31/17,Switzerland,Andorra,3,FALSE,,
8/31/17,Syria,Qatar,3,TRUE,,
8/31/17,Thailand,Iraq,1,FALSE,,
8/31/17,Uganda,Egypt,1,FALSE,,
8/31/17,Uruguay,Argentina,0,FALSE,,
8/31/17,Venezuela,Colombia,0,FALSE,,
8/31/17,Gibraltar,Belgium,0,FALSE,,
8/31/17,Ecuador,Brazil,0,FALSE,,
8/31/17,Sweden,Bulgaria,2,FALSE,,
8/31/17,Paraguay,Chile,3,FALSE,,
8/31/17,Uzbekistan,China,0,FALSE,,
8/31/17,Bosnia-Herzegovina,Cyprus,2,FALSE,,
8/31/17,Netherlands,France,0,FALSE,,
8/31/17,Estonia,Greece,0,FALSE,,
8/31/17,Libya,Guinea,2,FALSE,,
8/31/17,Latvia,Hungary,1,FALSE,,
8/31/17,Australia,Japan,0,FALSE,,
8/31/17,Iran,Korea Republic,0,FALSE,,
8/31/17,Belarus,Luxembourg,0,FALSE,,
8/31/17,Bolivia,Peru,1,FALSE,,
8/31/17,Faroe Islands,Portugal,1,FALSE,,
8/31/17,Andorra,Switzerland,0,FALSE,,
8/31/17,Qatar,Syria,1,TRUE,,
8/31/17,Iraq,Thailand,2,FALSE,,
8/31/17,Egypt,Uganda,0,FALSE,,
8/31/17,Argentina,Uruguay,0,FALSE,,
8/31/17,Colombia,Venezuela,0,FALSE,,
9/1/17,Cape Verde,South Africa,2,FALSE,,
9/1/17,Czech Republic,Germany,1,FALSE,,
9/1/17,Denmark,Poland,4,FALSE,,
9/1/17,Ghana,Congo,1,FALSE,,
9/1/17,Kazakhstan,Montenegro,0,FALSE,,
9/1/17,Lithuania,Scotland,0,FALSE,,
9/1/17,Malta,England,0,FALSE,,
9/1/17,Mexico,Panama,1,FALSE,,
9/1/17,Morocco,Mali,6,FALSE,,
9/1/17,New Zealand,Solomon Islands,6,FALSE,,
9/1/17,Nigeria,Cameroon,4,FALSE,,
9/1/17,Norway,Azerbaijan,2,FALSE,,
9/1/17,Romania,Armenia,1,FALSE,,
9/1/17,San Marino,Northern Ireland,0,FALSE,,
9/1/17,Slovakia,Slovenia,1,FALSE,,
9/1/17,Trinidad and Tobago,Honduras,1,FALSE,,
9/1/17,Tunisia,Congo DR,2,FALSE,,
9/1/17,USA,Costa Rica,0,FALSE,,
9/1/17,South Africa,Cape Verde,1,FALSE,,
9/1/17,Germany,Czech Republic,2,FALSE,,
9/1/17,Poland,Denmark,0,FALSE,,
9/1/17,Congo,Ghana,1,FALSE,,
9/1/17,Montenegro,Kazakhstan,3,FALSE,,
9/1/17,Scotland,Lithuania,3,FALSE,,
9/1/17,England,Malta,4,FALSE,,
9/1/17,Panama,Mexico,0,FALSE,,
9/1/17,Mali,Morocco,0,FALSE,,
9/1/17,Solomon Islands,New Zealand,1,FALSE,,
9/1/17,Cameroon,Nigeria,0,FALSE,,
9/1/17,Azerbaijan,Norway,0,FALSE,,
9/1/17,Armenia,Romania,0,FALSE,,
9/1/17,Northern Ireland,San Marino,3,FALSE,,
9/1/17,Slovenia,Slovakia,0,FALSE,,
9/1/17,Honduras,Trinidad and Tobago,2,FALSE,,
9/1/17,Congo DR,Tunisia,1,FALSE,,
9/1/17,Costa Rica,USA,2,FALSE,,
9/2/17,Albania,Liechtenstein,2,FALSE,,
9/2/17,Croatia,Kosovo,1,FALSE,,
9/2/17,Finland,Iceland,1,FALSE,,
9/2/17,Gabon,Ivory Coast,0,FALSE,,
9/2/17,Georgia,Ireland,1,FALSE,,
9/2/17,Israel,Macedonia,0,FALSE,,
9/2/17,Senegal,Burkina Faso,0,FALSE,,
9/2/17,Serbia,Moldova,3,FALSE,,
9/2/17,Spain,Italy,3,FALSE,,
9/2/17,Ukraine,Turkey,2,FALSE,,
9/2/17,Wales,Austria,1,FALSE,,
9/2/17,Zambia,Algeria,3,FALSE,,
9/2/17,Liechtenstein,Albania,0,FALSE,,
9/2/17,Kosovo,Croatia,0,FALSE,,
9/2/17,Iceland,Finland,0,FALSE,,
9/2/17,Ivory Coast,Gabon,3,FALSE,,
9/2/17,Ireland,Georgia,1,FALSE,,
9/2/17,Macedonia,Israel,1,FALSE,,
9/2/17,Burkina Faso,Senegal,0,FALSE,,
9/2/17,Moldova,Serbia,0,FALSE,,
9/2/17,Italy,Spain,0,FALSE,,
9/2/17,Turkey,Ukraine,0,FALSE,,
9/2/17,Austria,Wales,0,FALSE,,
9/2/17,Algeria,Zambia,1,FALSE,,
9/3/17,Belarus,Sweden,0,FALSE,,
9/3/17,Estonia,Cyprus,1,FALSE,,
9/3/17,Faroe Islands,Andorra,1,FALSE,,
9/3/17,France,Luxembourg,0,FALSE,,
9/3/17,Gibraltar,Bosnia-Herzegovina,0,TRUE,,
9/3/17,Greece,Belgium,1,FALSE,,
9/3/17,Hungary,Portugal,0,FALSE,,
9/3/17,Latvia,Switzerland,0,FALSE,,
9/3/17,Netherlands,Bulgaria,3,FALSE,,
9/3/17,Sweden,Belarus,4,FALSE,,
9/3/17,Cyprus,Estonia,0,FALSE,,
9/3/17,Andorra,Faroe Islands,0,FALSE,,
9/3/17,Luxembourg,France,0,FALSE,,
9/3/17,Bosnia-Herzegovina,Gibraltar,4,TRUE,,
9/3/17,Belgium,Greece,2,FALSE,,
9/3/17,Portugal,Hungary,1,FALSE,,
9/3/17,Switzerland,Latvia,3,FALSE,,
9/3/17,Bulgaria,Netherlands,1,FALSE,,
9/4/17,Armenia,Denmark,1,FALSE,,
9/4/17,Azerbaijan,San Marino,5,FALSE,,
9/4/17,Cameroon,Nigeria,1,FALSE,,
9/4/17,England,Slovakia,2,FALSE,,
9/4/17,Germany,Norway,6,FALSE,,
9/4/17,Libya,Guinea,1,TRUE,,
9/4/17,Montenegro,Romania,1,FALSE,,
9/4/17,Northern Ireland,Czech Republic,2,FALSE,,
9/4/17,Poland,Kazakhstan,3,FALSE,,
9/4/17,Scotland,Malta,2,FALSE,,
9/4/17,Slovenia,Lithuania,4,FALSE,,
9/4/17,Denmark,Armenia,4,FALSE,,
9/4/17,San Marino,Azerbaijan,1,FALSE,,
9/4/17,Nigeria,Cameroon,1,FALSE,,
9/4/17,Slovakia,England,1,FALSE,,
9/4/17,Norway,Germany,0,FALSE,,
9/4/17,Guinea,Libya,0,TRUE,,
9/4/17,Romania,Montenegro,0,FALSE,,
9/4/17,Czech Republic,Northern Ireland,0,FALSE,,
9/4/17,Kazakhstan,Poland,0,FALSE,,
9/4/17,Malta,Scotland,0,FALSE,,
9/4/17,Lithuania,Slovenia,0,FALSE,,
9/5/17,Algeria,Zambia,0,FALSE,,
9/5/17,Argentina,Venezuela,1,FALSE,,
9/5/17,Australia,Thailand,2,FALSE,,
9/5/17,Austria,Georgia,1,FALSE,,
9/5/17,Bolivia,Chile,1,FALSE,,
9/5/17,Burkina Faso,Senegal,2,FALSE,,
9/5/17,Colombia,Brazil,1,FALSE,,
9/5/17,Congo,Ghana,1,FALSE,,
9/5/17,Congo DR,Tunisia,2,FALSE,,
9/5/17,Costa Rica,Mexico,1,FALSE,,
9/5/17,Ecuador,Peru,0,FALSE,,
9/5/17,Egypt,Uganda,1,FALSE,,
9/5/17,Honduras,USA,1,FALSE,,
9/5/17,Iceland,Ukraine,2,FALSE,,
9/5/17,Iran,Syria,2,FALSE,,
9/5/17,Iraq,United Arab Emirates,1,TRUE,,
9/5/17,Ireland,Serbia,0,FALSE,,
9/5/17,Italy,Israel,1,FALSE,,
9/5/17,Ivory Coast,Gabon,1,FALSE,,
9/5/17,Kosovo,Finland,0,TRUE,,
9/5/17,Liechtenstein,Spain,0,FALSE,,
9/5/17,Macedonia,Albania,1,FALSE,,
9/5/17,Mali,Morocco,0,FALSE,,
9/5/17,Moldova,Wales,0,FALSE,,
9/5/17,Panama,Trinidad and Tobago,3,FALSE,,
9/5/17,Paraguay,Uruguay,1,FALSE,,
9/5/17,Qatar,China,1,FALSE,,
9/5/17,Saudi Arabia,Japan,1,FALSE,,
9/5/17,Solomon Islands,New Zealand,2,FALSE,,
9/5/17,South Africa,Cape Verde,1,FALSE,,
9/5/17,Turkey,Croatia,1,FALSE,,
9/5/17,Uzbekistan,Korea Republic,0,FALSE,,
9/5/17,Zambia,Algeria,1,FALSE,,
9/5/17,Venezuela,Argentina,1,FALSE,,
9/5/17,Thailand,Australia,1,FALSE,,
9/5/17,Georgia,Austria,1,FALSE,,
9/5/17,Chile,Bolivia,0,FALSE,,
9/5/17,Senegal,Burkina Faso,2,FALSE,,
9/5/17,Brazil,Colombia,1,FALSE,,
9/5/17,Ghana,Congo,5,FALSE,,
9/5/17,Tunisia,Congo DR,2,FALSE,,
9/5/17,Mexico,Costa Rica,1,FALSE,,
9/5/17,Peru,Ecuador,2,FALSE,,
9/5/17,Uganda,Egypt,0,FALSE,,
9/5/17,USA,Honduras,1,FALSE,,
9/5/17,Ukraine,Iceland,0,FALSE,,
9/5/17,Syria,Iran,2,FALSE,,
9/5/17,United Arab Emirates,Iraq,0,TRUE,,
9/5/17,Serbia,Ireland,1,FALSE,,
9/5/17,Israel,Italy,0,FALSE,,
9/5/17,Gabon,Ivory Coast,2,FALSE,,
9/5/17,Finland,Kosovo,1,TRUE,,
9/5/17,Spain,Liechtenstein,8,FALSE,,
9/5/17,Albania,Macedonia,1,FALSE,,
9/5/17,Morocco,Mali,0,FALSE,,
9/5/17,Wales,Moldova,2,FALSE,,
9/5/17,Trinidad and Tobago,Panama,0,FALSE,,
9/5/17,Uruguay,Paraguay,2,FALSE,,
9/5/17,China,Qatar,2,FALSE,,
9/5/17,Japan,Saudi Arabia,0,FALSE,,
9/5/17,New Zealand,Solomon Islands,2,FALSE,,
9/5/17,Cape Verde,South Africa,2,FALSE,,
9/5/17,Croatia,Turkey,0,FALSE,,
9/5/17,Korea Republic,Uzbekistan,0,FALSE,,
10/5/17,Argentina,Peru,0,FALSE,,
10/5/17,Armenia,Poland,1,FALSE,,
10/5/17,Azerbaijan,Czech Republic,1,FALSE,,
10/5/17,Bolivia,Brazil,0,FALSE,,
10/5/17,Chile,Ecuador,2,FALSE,,
10/5/17,Colombia,Paraguay,1,FALSE,,
10/5/17,England,Slovenia,1,FALSE,,
10/5/17,Malta,Lithuania,1,FALSE,,
10/5/17,Montenegro,Denmark,0,FALSE,,
10/5/17,Northern Ireland,Germany,1,FALSE,,
10/5/17,Romania,Kazakhstan,3,FALSE,,
10/5/17,San Marino,Norway,0,FALSE,,
10/5/17,Scotland,Slovakia,1,FALSE,,
10/5/17,Syria,Australia,1,TRUE,,
10/5/17,Venezuela,Uruguay,0,FALSE,,
10/5/17,Peru,Argentina,0,FALSE,,
10/5/17,Poland,Armenia,6,FALSE,,
10/5/17,Czech Republic,Azerbaijan,2,FALSE,,
10/5/17,Brazil,Bolivia,0,FALSE,,
10/5/17,Ecuador,Chile,1,FALSE,,
10/5/17,Paraguay,Colombia,2,FALSE,,
10/5/17,Slovenia,England,0,FALSE,,
10/5/17,Lithuania,Malta,1,FALSE,,
10/5/17,Denmark,Montenegro,1,FALSE,,
10/5/17,Germany,Northern Ireland,3,FALSE,,
10/5/17,Kazakhstan,Romania,1,FALSE,,
10/5/17,Norway,San Marino,8,FALSE,,
10/5/17,Slovakia,Scotland,0,FALSE,,
10/5/17,Australia,Syria,1,TRUE,,
10/5/17,Uruguay,Venezuela,0,FALSE,,
10/6/17,Austria,Serbia,3,FALSE,,
10/6/17,Croatia,Finland,1,FALSE,,
10/6/17,Georgia,Wales,0,FALSE,,
10/6/17,Ireland,Moldova,2,FALSE,,
10/6/17,Italy,Macedonia,1,FALSE,,
10/6/17,Kosovo,Ukraine,0,TRUE,,
10/6/17,Liechtenstein,Israel,0,FALSE,,
10/6/17,Mali,Ivory Coast,0,FALSE,,
10/6/17,Mexico,Trinidad and Tobago,3,FALSE,,
10/6/17,Spain,Albania,3,FALSE,,
10/6/17,Turkey,Iceland,0,FALSE,,
10/6/17,USA,Panama,4,FALSE,,
10/6/17,Serbia,Austria,2,FALSE,,
10/6/17,Finland,Croatia,1,FALSE,,
10/6/17,Wales,Georgia,1,FALSE,,
10/6/17,Moldova,Ireland,0,FALSE,,
10/6/17,Macedonia,Italy,1,FALSE,,
10/6/17,Ukraine,Kosovo,2,TRUE,,
10/6/17,Israel,Liechtenstein,1,FALSE,,
10/6/17,Ivory Coast,Mali,0,FALSE,,
10/6/17,Trinidad and Tobago,Mexico,1,FALSE,,
10/6/17,Albania,Spain,0,FALSE,,
10/6/17,Iceland,Turkey,3,FALSE,,
10/6/17,Panama,USA,0,FALSE,,
10/7/17,Andorra,Portugal,0,FALSE,,
10/7/17,Belarus,Netherlands,1,FALSE,,
10/7/17,Bosnia-Herzegovina,Belgium,3,FALSE,,
10/7/17,Bulgaria,France,0,FALSE,,
10/7/17,Cameroon,Algeria,2,FALSE,,
10/7/17,Cape Verde,Senegal,0,FALSE,,
10/7/17,Costa Rica,Honduras,1,FALSE,,
10/7/17,Cyprus,Greece,1,FALSE,,
10/7/17,Faroe Islands,Latvia,0,FALSE,,
10/7/17,Gibraltar,Estonia,0,TRUE,,
10/7/17,Guinea,Tunisia,1,FALSE,,
10/7/17,Libya,Congo DR,1,TRUE,,
10/7/17,Morocco,Gabon,3,FALSE,,
10/7/17,Nigeria,Zambia,1,FALSE,,
10/7/17,South Africa,Burkina Faso,3,FALSE,,
10/7/17,Sweden,Luxembourg,8,FALSE,,
10/7/17,Switzerland,Hungary,5,FALSE,,
10/7/17,Uganda,Ghana,0,FALSE,,
10/7/17,Portugal,Andorra,2,FALSE,,
10/7/17,Netherlands,Belarus,3,FALSE,,
10/7/17,Belgium,Bosnia-Herzegovina,4,FALSE,,
10/7/17,France,Bulgaria,1,FALSE,,
10/7/17,Algeria,Cameroon,0,FALSE,,
10/7/17,Senegal,Cape Verde,2,FALSE,,
10/7/17,Honduras,Costa Rica,1,FALSE,,
10/7/17,Greece,Cyprus,2,FALSE,,
10/7/17,Latvia,Faroe Islands,0,FALSE,,
10/7/17,Estonia,Gibraltar,6,TRUE,,
10/7/17,Tunisia,Guinea,4,FALSE,,
10/7/17,Congo DR,Libya,2,TRUE,,
10/7/17,Gabon,Morocco,0,FALSE,,
10/7/17,Zambia,Nigeria,0,FALSE,,
10/7/17,Burkina Faso,South Africa,1,FALSE,,
10/7/17,Luxembourg,Sweden,0,FALSE,,
10/7/17,Hungary,Switzerland,2,FALSE,,
10/7/17,Ghana,Uganda,0,FALSE,,
10/8/17,Czech Republic,San Marino,5,FALSE,,
10/8/17,Denmark,Romania,1,FALSE,,
10/8/17,Egypt,Congo,2,FALSE,,
10/8/17,Germany,Azerbaijan,5,FALSE,,
10/8/17,Kazakhstan,Armenia,1,FALSE,,
10/8/17,Lithuania,England,0,FALSE,,
10/8/17,Norway,Northern Ireland,1,FALSE,,
10/8/17,Poland,Montenegro,4,FALSE,,
10/8/17,Slovakia,Malta,3,FALSE,,
10/8/17,Slovenia,Scotland,2,FALSE,,
10/8/17,San Marino,Czech Republic,0,FALSE,,
10/8/17,Romania,Denmark,1,FALSE,,
10/8/17,Congo,Egypt,1,FALSE,,
10/8/17,Azerbaijan,Germany,1,FALSE,,
10/8/17,Armenia,Kazakhstan,1,FALSE,,
10/8/17,England,Lithuania,1,FALSE,,
10/8/17,Northern Ireland,Norway,0,FALSE,,
10/8/17,Montenegro,Poland,2,FALSE,,
10/8/17,Malta,Slovakia,0,FALSE,,
10/8/17,Scotland,Slovenia,2,FALSE,,
10/9/17,Albania,Italy,0,FALSE,,
10/9/17,Finland,Turkey,2,FALSE,,
10/9/17,Iceland,Kosovo,2,FALSE,,
10/9/17,Israel,Spain,0,FALSE,,
10/9/17,Macedonia,Liechtenstein,4,FALSE,,
10/9/17,Moldova,Austria,0,FALSE,,
10/9/17,Serbia,Georgia,1,FALSE,,
10/9/17,Ukraine,Croatia,0,FALSE,,
10/9/17,Wales,Ireland,0,FALSE,,
10/9/17,Italy,Albania,1,FALSE,,
10/9/17,Turkey,Finland,2,FALSE,,
10/9/17,Kosovo,Iceland,0,FALSE,,
10/9/17,Spain,Israel,1,FALSE,,
10/9/17,Liechtenstein,Macedonia,0,FALSE,,
10/9/17,Austria,Moldova,1,FALSE,,
10/9/17,Georgia,Serbia,0,FALSE,,
10/9/17,Croatia,Ukraine,2,FALSE,,
10/9/17,Ireland,Wales,1,FALSE,,
10/10/17,Australia,Syria,2,FALSE,,
10/10/17,Belgium,Cyprus,4,FALSE,,
10/10/17,Brazil,Chile,3,FALSE,,
10/10/17,Ecuador,Argentina,1,FALSE,,
10/10/17,Estonia,Bosnia-Herzegovina,1,FALSE,,
10/10/17,France,Belarus,2,FALSE,,
10/10/17,Greece,Gibraltar,4,FALSE,,
10/10/17,Honduras,Mexico,3,FALSE,,
10/10/17,Hungary,Faroe Islands,1,FALSE,,
10/10/17,Latvia,Andorra,4,FALSE,,
10/10/17,Luxembourg,Bulgaria,1,FALSE,,
10/10/17,Netherlands,Sweden,2,FALSE,,
10/10/17,Panama,Costa Rica,2,FALSE,,
10/10/17,Paraguay,Venezuela,0,FALSE,,
10/10/17,Peru,Colombia,1,FALSE,,
10/10/17,Portugal,Switzerland,2,FALSE,,
10/10/17,Trinidad and Tobago,USA,2,FALSE,,
10/10/17,Uruguay,Bolivia,4,FALSE,,
10/10/17,Syria,Australia,1,FALSE,,
10/10/17,Cyprus,Belgium,0,FALSE,,
10/10/17,Chile,Brazil,0,FALSE,,
10/10/17,Argentina,Ecuador,3,FALSE,,
10/10/17,Bosnia-Herzegovina,Estonia,2,FALSE,,
10/10/17,Belarus,France,1,FALSE,,
10/10/17,Gibraltar,Greece,0,FALSE,,
10/10/17,Mexico,Honduras,2,FALSE,,
10/10/17,Faroe Islands,Hungary,0,FALSE,,
10/10/17,Andorra,Latvia,0,FALSE,,
10/10/17,Bulgaria,Luxembourg,1,FALSE,,
10/10/17,Sweden,Netherlands,0,FALSE,,
10/10/17,Costa Rica,Panama,1,FALSE,,
10/10/17,Venezuela,Paraguay,1,FALSE,,
10/10/17,Colombia,Peru,1,FALSE,,
10/10/17,Switzerland,Portugal,0,FALSE,,
10/10/17,USA,Trinidad and Tobago,1,FALSE,,
10/10/17,Bolivia,Uruguay,2,FALSE,,
11/9/17,Croatia,Greece,4,FALSE,,
11/9/17,Northern Ireland,Switzerland,0,FALSE,,
11/9/17,Greece,Croatia,1,FALSE,,
11/9/17,Switzerland,Northern Ireland,1,FALSE,,
11/10/17,Algeria,Nigeria,3,FALSE,,
11/10/17,Honduras,Australia,0,FALSE,,
11/10/17,South Africa,Senegal,0,FALSE,,
11/10/17,Sweden,Italy,1,FALSE,,
11/10/17,Nigeria,Algeria,0,FALSE,,
11/10/17,Australia,Honduras,0,FALSE,,
11/10/17,Senegal,South Africa,2,FALSE,,
11/10/17,Italy,Sweden,0,FALSE,,
11/11/17,Congo DR,Guinea,3,FALSE,,
11/11/17,Denmark,Ireland,0,FALSE,,
11/11/17,Gabon,Mali,0,FALSE,,
11/11/17,Ivory Coast,Morocco,0,FALSE,,
11/11/17,New Zealand,Peru,0,FALSE,,
11/11/17,Tunisia,Libya,0,FALSE,,
11/11/17,Zambia,Cameroon,2,FALSE,,
11/11/17,Guinea,Congo DR,1,FALSE,,
11/11/17,Ireland,Denmark,0,FALSE,,
11/11/17,Mali,Gabon,0,FALSE,,
11/11/17,Morocco,Ivory Coast,2,FALSE,,
11/11/17,Peru,New Zealand,0,FALSE,,
11/11/17,Libya,Tunisia,0,FALSE,,
11/11/17,Cameroon,Zambia,2,FALSE,,
11/12/17,Congo,Uganda,1,FALSE,,
11/12/17,Ghana,Egypt,1,FALSE,,
11/12/17,Greece,Croatia,0,FALSE,,
11/12/17,Switzerland,Northern Ireland,0,FALSE,,
11/12/17,Uganda,Congo,1,FALSE,,
11/12/17,Egypt,Ghana,1,FALSE,,
11/12/17,Croatia,Greece,0,FALSE,,
11/12/17,Northern Ireland,Switzerland,0,FALSE,,
11/13/17,Italy,Sweden,0,FALSE,,
11/13/17,Sweden,Italy,0,FALSE,,
11/14/17,Burkina Faso,Cape Verde,4,FALSE,,
11/14/17,Ireland,Denmark,1,FALSE,,
11/14/17,Senegal,South Africa,2,FALSE,,
11/14/17,Cape Verde,Burkina Faso,0,FALSE,,
11/14/17,Denmark,Ireland,5,FALSE,,
11/14/17,South Africa,Senegal,1,FALSE,,
11/15/17,Australia,Honduras,3,FALSE,,
11/15/17,Peru,New Zealand,2,FALSE,,
11/15/17,Honduras,Australia,1,FALSE,,
11/15/17,New Zealand,Peru,0,FALSE,,
6/14/18,Russia,Saudi Arabia,5,FALSE,,
6/14/18,Saudi Arabia,Russia,0,FALSE,,
6/15/18,Egypt,Uruguay,0,TRUE,,
6/15/18,Morocco,Iran,0,TRUE,,
6/15/18,Portugal,Spain,3,TRUE,,
6/15/18,Uruguay,Egypt,1,TRUE,,
6/15/18,Iran,Morocco,1,TRUE,,
6/15/18,Spain,Portugal,3,TRUE,,
6/16/18,France,Australia,2,TRUE,,
6/16/18,Argentina,Iceland,1,TRUE,,
6/16/18,Peru,Denmark,0,TRUE,,
6/16/18,Croatia,Nigeria,2,TRUE,,
6/16/18,Australia,France,1,TRUE,,
6/16/18,Iceland,Argentina,1,TRUE,,
6/16/18,Denmark,Peru,1,TRUE,,
6/16/18,Nigeria,Croatia,0,TRUE,,
6/17/18,Costa Rica,Serbia,0,TRUE,,
6/17/18,Germany,Mexico,0,TRUE,,
6/17/18,Brazil,Switzerland,1,TRUE,,
6/17/18,Serbia,Costa Rica,1,TRUE,,
6/17/18,Mexico,Germany,1,TRUE,,
6/17/18,Switzerland,Brazil,1,TRUE,,
6/18/18,Sweden,Korea Republic,1,TRUE,,
6/18/18,Belgium,Panama,3,TRUE,,
6/18/18,Tunisia,England,1,TRUE,,
6/18/18,Korea Republic,Sweden,0,TRUE,,
6/18/18,Panama,Belgium,0,TRUE,,
6/18/18,England,Tunisia,2,TRUE,,
6/19/18,Colombia,Japan,1,TRUE,,
6/19/18,Poland,Senegal,1,TRUE,,
6/19/18,Russia,Egypt,3,FALSE,,
6/19/18,Japan,Colombia,2,TRUE,,
6/19/18,Senegal,Poland,2,TRUE,,
6/19/18,Egypt,Russia,1,FALSE,,
6/20/18,Portugal,Morocco,1,TRUE,,
6/20/18,Uruguay,Saudi Arabia,1,TRUE,,
6/20/18,Iran,Spain,0,TRUE,,
6/20/18,Morocco,Portugal,0,TRUE,,
6/20/18,Saudi Arabia,Uruguay,0,TRUE,,
6/20/18,Spain,Iran,1,TRUE,,
6/21/18,Denmark,Australia,1,TRUE,,
6/21/18,France,Peru,1,TRUE,,
6/21/18,Argentina,Croatia,0,TRUE,,
6/21/18,Australia,Denmark,1,TRUE,,
6/21/18,Peru,France,0,TRUE,,
6/21/18,Croatia,Argentina,3,TRUE,,
6/22/18,Brazil,Costa Rica,2,TRUE,,
6/22/18,Nigeria,Iceland,2,TRUE,,
6/22/18,Serbia,Switzerland,1,TRUE,,
6/22/18,Costa Rica,Brazil,0,TRUE,,
6/22/18,Iceland,Nigeria,0,TRUE,,
6/22/18,Switzerland,Serbia,2,TRUE,,
6/23/18,Belgium,Tunisia,5,TRUE,,
6/23/18,Korea Republic,Mexico,1,TRUE,,
6/23/18,Germany,Sweden,2,TRUE,,
6/23/18,Tunisia,Belgium,2,TRUE,,
6/23/18,Mexico,Korea Republic,2,TRUE,,
6/23/18,Sweden,Germany,1,TRUE,,
6/24/18,England,Panama,6,TRUE,,
6/24/18,Japan,Senegal,2,TRUE,,
6/24/18,Poland,Colombia,0,TRUE,,
6/24/18,Panama,England,1,TRUE,,
6/24/18,Senegal,Japan,2,TRUE,,
6/24/18,Colombia,Poland,3,TRUE,,
6/25/18,Russia,Uruguay,0,FALSE,,
6/25/18,Saudi Arabia,Egypt,2,TRUE,,
6/25/18,Spain,Morocco,2,TRUE,,
6/25/18,Iran,Portugal,1,TRUE,,
6/25/18,Uruguay,Russia,3,FALSE,,
6/25/18,Egypt,Saudi Arabia,1,TRUE,,
6/25/18,Morocco,Spain,2,TRUE,,
6/25/18,Portugal,Iran,1,TRUE,,
6/26/18,Australia,Peru,0,TRUE,,
6/26/18,Denmark,France,0,TRUE,,
6/26/18,Nigeria,Argentina,1,TRUE,,
6/26/18,Iceland,Croatia,1,TRUE,,
6/26/18,Peru,Australia,2,TRUE,,
6/26/18,France,Denmark,0,TRUE,,
6/26/18,Argentina,Nigeria,2,TRUE,,
6/26/18,Croatia,Iceland,2,TRUE,,
6/27/18,Korea Republic,Germany,2,TRUE,,
6/27/18,Mexico,Sweden,0,TRUE,,
6/27/18,Serbia,Brazil,0,TRUE,,
6/27/18,Switzerland,Costa Rica,2,TRUE,,
6/27/18,Germany,Korea Republic,0,TRUE,,
6/27/18,Sweden,Mexico,3,TRUE,,
6/27/18,Brazil,Serbia,2,TRUE,,
6/27/18,Costa Rica,Switzerland,2,TRUE,,
6/28/18,Japan,Poland,0,TRUE,,
6/28/18,Senegal,Colombia,0,TRUE,,
6/28/18,Panama,Tunisia,1,TRUE,,
6/28/18,England,Belgium,0,TRUE,,
6/28/18,Poland,Japan,1,TRUE,,
6/28/18,Colombia,Senegal,1,TRUE,,
6/28/18,Tunisia,Panama,2,TRUE,,
6/28/18,Belgium,England,1,TRUE,,